,open_time,o,h,l,c,v,close_time,qav,num_trades,taker_base_vol,taker_quote_vol,ignore
2017-08-18 07:59:59.999,1502928000000,301.13000000,312.18000000,298.00000000,302.00000000,7030.71034000,1503014399999,2154655.30035660,4522,6224.58999000,1908705.36853020,0
2017-08-19 07:59:59.999,1503014400000,302.00000000,311.79000000,283.94000000,293.96000000,9537.84646000,1503100799999,2858946.50935390,5658,7452.43542000,2240813.26122640,0
2017-08-20 07:59:59.999,1503100800000,293.31000000,299.90000000,278.00000000,290.91000000,2146.19773000,1503187199999,620022.58986170,1795,1537.97550000,444713.61220860,0
2017-08-21 07:59:59.999,1503187200000,289.41000000,300.53000000,282.85000000,299.10000000,2510.13871000,1503273599999,742847.89455990,2038,2186.68739000,647506.06202050,0
2017-08-22 07:59:59.999,1503273600000,299.10000000,346.52000000,294.60000000,323.29000000,5219.44542000,1503359999999,1689472.34121400,3925,4004.19967000,1297977.42311420,0
2017-08-23 07:59:59.999,1503360000000,321.04000000,330.41000000,144.21000000,309.80000000,7956.35088000,1503446399999,2454425.80331370,6577,4433.78132000,1364472.48833300,0
2017-08-24 07:59:59.999,1503446400000,312.25000000,324.99000000,309.41000000,315.74000000,8665.72569000,1503532799999,2753464.94504080,8540,2282.23633000,728206.91761490,0
2017-08-25 07:59:59.999,1503532800000,315.74000000,328.04000000,314.01000000,323.42000000,6753.27192000,1503619199999,2159417.11415370,6495,1901.90029000,610929.14716790,0
2017-08-26 07:59:59.999,1503619200000,323.42000000,338.28000000,323.42000000,327.24000000,7125.96962000,1503705599999,2354162.03829400,7452,2595.82561000,859314.68351840,0
2017-08-27 07:59:59.999,1503705600000,327.24000000,335.44000000,323.41000000,330.79000000,4877.68521000,1503791999999,1601994.37731660,4400,941.99655000,311132.26310030,0
2017-08-28 07:59:59.999,1503792000000,332.18000000,348.13000000,330.73000000,348.13000000,4635.43715000,1503878399999,1554477.35816030,4973,1166.20029000,392130.11519860,0
2017-08-29 07:59:59.999,1503878400000,348.11000000,351.00000000,331.95000000,346.00000000,4279.18170000,1503964799999,1463758.16910410,4526,1114.26279000,383473.98891030,0
2017-08-30 07:59:59.999,1503964800000,347.00000000,377.60000000,346.00000000,374.70000000,3032.13425000,1504051199999,1102069.62058090,3265,923.16784000,334768.81046930,0
2017-08-31 07:59:59.999,1504051200000,374.70000000,393.71000000,362.05000000,385.93000000,4446.59608000,1504137599999,1679526.21251150,4812,1285.37799000,487837.74475770,0
2017-09-01 07:59:59.999,1504137600000,384.64000000,389.36000000,377.78000000,384.79000000,4435.86855000,1504223999999,1704441.39426660,4574,1432.19381000,550808.61088400,0
2017-09-02 07:59:59.999,1504224000000,386.44000000,394.39000000,383.18000000,388.46000000,4198.68434000,1504310399999,1635227.61376610,4124,1564.05531000,609630.94977130,0
2017-09-03 07:59:59.999,1504310400000,388.58000000,394.32000000,320.08000000,343.14000000,8240.32724000,1504396799999,2904008.46138610,8217,2460.66776000,868487.28339190,0
2017-09-04 07:59:59.999,1504396800000,343.56000000,367.28000000,320.08000000,341.77000000,5253.62211000,1504483199999,1801702.61780290,6153,2240.91753000,767938.25217760,0
2017-09-05 07:59:59.999,1504483200000,339.29000000,344.55000000,267.94000000,283.77000000,6737.81061000,1504569599999,2002446.18180200,7403,2954.16805000,877011.10666470,0
2017-09-06 07:59:59.999,1504569600000,286.81000000,321.52000000,235.55000000,312.09000000,8344.41924000,1504655999999,2397490.91783860,8999,4312.97282000,1251958.99131160,0
2017-09-07 07:59:59.999,1504656000000,313.29000000,336.34000000,312.09000000,335.00000000,5486.30988000,1504742399999,1793962.85849940,7089,2183.65363000,713126.10171990,0
2017-09-08 07:59:59.999,1504742400000,335.01000000,342.50000000,320.17000000,334.49000000,3103.89745000,1504828799999,1027135.68695240,2635,1321.09841000,438034.17329640,0
2017-09-09 07:59:59.999,1504828800000,334.49000000,335.10000000,272.00000000,302.99000000,4915.75693000,1504915199999,1494309.88661630,3227,2306.94838000,698362.84939540,0
2017-09-10 07:59:59.999,1504915200000,300.01000000,307.00000000,281.66000000,296.74000000,2740.58822000,1505001599999,813750.35893590,1956,1755.91508000,520754.91457350,0
2017-09-11 07:59:59.999,1505001600000,296.72000000,302.78000000,261.03000000,293.50000000,4156.45099000,1505087999999,1181903.77219990,2494,2282.40311000,651266.45803050,0
2017-09-12 07:59:59.999,1505088000000,293.51000000,304.98000000,285.21000000,297.30000000,4829.64647000,1505174399999,1436811.81615690,3490,2412.24221000,718382.75216320,0
2017-09-13 07:59:59.999,1505174400000,297.78000000,316.46000000,286.01000000,293.96000000,5176.31402000,1505260799999,1573452.41245190,5279,2207.60465000,671349.25426970,0
2017-09-14 07:59:59.999,1505260800000,293.93000000,294.50000000,257.05000000,276.91000000,6451.22836000,1505347199999,1761080.89760690,4527,3264.55673000,890399.36959740,0
2017-09-15 07:59:59.999,1505347200000,275.76000000,283.77000000,215.00000000,215.21000000,12601.95676000,1505433599999,3110767.78056470,8166,4455.23882000,1100931.14542670,0
2017-09-16 07:59:59.999,1505433600000,217.00000000,270.93000000,192.00000000,253.00000000,14223.89530000,1505519999999,3319311.82673500,9198,5945.80760000,1386660.03680270,0
2017-09-17 07:59:59.999,1505520000000,255.99000000,271.81000000,235.51000000,249.31000000,10362.06011000,1505606399999,2647152.37237080,8859,3866.60141000,995005.32670450,0
2017-09-18 07:59:59.999,1505606400000,249.32000000,264.39000000,239.02000000,257.55000000,4614.53337000,1505692799999,1149704.29492940,5277,1442.00382000,360268.47386080,0
2017-09-19 07:59:59.999,1505692800000,257.53000000,306.22000000,257.11000000,294.57000000,4125.97051000,1505779199999,1182937.63357400,3440,2342.68408000,669740.52149880,0
2017-09-20 07:59:59.999,1505779200000,296.00000000,300.00000000,277.41000000,284.00000000,1869.90852000,1505865599999,535773.56520010,1896,789.82937000,226839.70654210,0
2017-09-21 07:59:59.999,1505865600000,284.01000000,294.00000000,275.91000000,282.00000000,1060.56734000,1505951999999,302739.73375310,1431,566.64637000,162290.41858720,0
2017-09-22 07:59:59.999,1505952000000,285.10000000,287.00000000,252.10000000,257.00000000,1912.55583000,1506038399999,516193.19706080,2751,579.77742000,156157.99546750,0
2017-09-23 07:59:59.999,1506038400000,258.00000000,272.97000000,253.01000000,264.00000000,1464.51250000,1506124799999,382962.21794300,2144,612.61937000,160401.28781390,0
2017-09-24 07:59:59.999,1506124800000,259.99000000,286.23000000,255.11000000,285.93000000,2824.33572000,1506211199999,788810.32442390,3901,841.43467000,233418.25689900,0
2017-09-25 07:59:59.999,1506211200000,286.50000000,294.61000000,275.00000000,282.00000000,5575.54422000,1506297599999,1582877.48713290,8022,1314.52754000,373569.55675800,0
2017-09-26 07:59:59.999,1506297600000,282.00000000,299.00000000,281.34000000,294.42000000,5870.48035000,1506383999999,1705551.99210180,9165,1950.58866000,567363.44908810,0
2017-09-27 07:59:59.999,1506384000000,294.42000000,296.81000000,286.24000000,287.90000000,4566.92804000,1506470399999,1332125.16543960,7329,1073.93969000,313528.64125620,0
2017-09-28 07:59:59.999,1506470400000,289.91000000,313.00000000,286.13000000,309.74000000,5518.10382000,1506556799999,1641896.87436510,8208,1276.45702000,380606.46578970,0
2017-09-29 07:59:59.999,1506556800000,309.81000000,311.81000000,296.89000000,302.44000000,6600.90922000,1506643199999,2009233.88871050,10534,2210.54916000,674345.92091910,0
2017-09-30 07:59:59.999,1506643200000,302.44000000,303.00000000,274.00000000,292.22000000,11089.19902000,1506729599999,3213725.09039790,13098,5176.62946000,1501566.86151520,0
2017-10-01 07:59:59.999,1506729600000,292.62000000,307.49000000,292.22000000,304.36000000,4020.60795000,1506815999999,1214456.83804620,8168,1645.11941000,497660.50805900,0
2017-10-02 07:59:59.999,1506816000000,305.13000000,306.00000000,294.00000000,303.95000000,5060.05758000,1506902399999,1518988.30299000,8900,1496.73509000,449595.11955910,0
2017-10-03 07:59:59.999,1506902400000,303.94000000,305.00000000,295.00000000,296.50000000,3710.83747000,1506988799999,1116501.22481220,7454,1398.52021000,421273.02438230,0
2017-10-04 07:59:59.999,1506988800000,298.15000000,301.99000000,283.18000000,292.48000000,5546.85702000,1507075199999,1622460.72677460,9327,2105.27684000,616540.73369680,0
2017-10-05 07:59:59.999,1507075200000,292.47000000,297.97000000,288.00000000,291.99000000,4014.88792000,1507161599999,1176260.21718690,7233,2030.79500000,596758.05688080,0
2017-10-06 07:59:59.999,1507161600000,290.00000000,297.44000000,285.53000000,294.81000000,3412.39016000,1507247999999,994768.49540650,6125,1684.82069000,492521.57928530,0
2017-10-07 07:59:59.999,1507248000000,294.78000000,310.80000000,293.78000000,310.80000000,3541.02359000,1507334399999,1063779.35392510,6064,1965.17959000,590729.76186070,0
2017-10-08 07:59:59.999,1507334400000,309.90000000,318.50000000,303.60000000,311.01000000,2165.79076000,1507420799999,672026.66853280,4289,1031.34817000,320575.64111220,0
2017-10-09 07:59:59.999,1507420800000,311.08000000,317.07000000,309.00000000,311.07000000,2960.93198000,1507507199999,923989.78755400,6247,1069.23508000,334539.35701200,0
2017-10-10 07:59:59.999,1507507200000,311.13000000,312.13000000,286.65000000,297.19000000,4885.37863000,1507593599999,1462524.62495310,8680,1575.93338000,472759.58521280,0
2017-10-11 07:59:59.999,1507593600000,297.35000000,308.56000000,293.00000000,298.64000000,6749.27468000,1507679999999,2028540.47292730,9392,3979.86360000,1200692.03892990,0
2017-10-12 07:59:59.999,1507680000000,300.88000000,305.50000000,298.02000000,304.01000000,3724.68630000,1507766399999,1125331.50335720,4079,1923.79902000,581977.29782890,0
2017-10-13 07:59:59.999,1507766400000,304.01000000,310.00000000,302.71000000,303.99000000,7827.75596000,1507852799999,2397065.16336710,4956,3436.20226000,1053317.97155720,0
2017-10-14 07:59:59.999,1507852800000,303.52000000,353.96000000,297.00000000,337.96000000,17925.36585000,1507939199999,5832987.25591010,9898,7538.17104000,2469530.26295960,0
2017-10-15 07:59:59.999,1507939200000,337.96000000,349.80000000,335.00000000,342.00000000,7731.96469000,1508025599999,2655702.11454550,5703,3790.50687000,1304246.79199270,0
2017-10-16 07:59:59.999,1508025600000,342.00000000,348.00000000,316.17000000,337.96000000,10011.34708000,1508111999999,3326752.59711660,6822,4957.44824000,1652285.72199570,0
2017-10-17 07:59:59.999,1508112000000,337.50000000,354.00000000,332.78000000,335.19000000,8663.47097000,1508198399999,2956522.04178740,6586,4424.03339000,1511172.91294010,0
2017-10-18 07:59:59.999,1508198400000,335.18000000,336.58000000,312.65000000,315.19000000,8146.74356000,1508284799999,2638150.88929040,6837,3297.06736000,1069520.41625130,0
2017-10-19 07:59:59.999,1508284800000,315.19000000,318.00000000,284.68000000,309.70000000,12908.04540000,1508371199999,3915770.15446750,9801,6592.08304000,2005598.31414890,0
2017-10-20 07:59:59.999,1508371200000,311.52000000,315.00000000,300.00000000,308.66000000,8678.74739000,1508457599999,2675399.86024250,6769,4110.58984000,1269506.24815890,0
2017-10-21 07:59:59.999,1508457600000,308.66000000,311.18000000,302.00000000,304.51000000,8739.31764000,1508543999999,2667391.89975510,6812,3042.73881000,932164.50437130,0
2017-10-22 07:59:59.999,1508544000000,304.51000000,305.34000000,290.00000000,298.94000000,8591.63121000,1508630399999,2558677.41154280,6343,4286.76965000,1278052.92831190,0
2017-10-23 07:59:59.999,1508630400000,298.99000000,306.99000000,290.00000000,293.79000000,7173.06893000,1508716799999,2120546.54702250,5828,3305.51785000,977321.14309910,0
2017-10-24 07:59:59.999,1508716800000,293.78000000,294.60000000,272.20000000,281.09000000,9658.78404000,1508803199999,2743010.98770280,6524,5255.49466000,1493898.23833240,0
2017-10-25 07:59:59.999,1508803200000,282.27000000,310.00000000,275.50000000,297.38000000,14066.67924000,1508889599999,4253110.31958060,8026,8185.36518000,2480346.53838040,0
2017-10-26 07:59:59.999,1508889600000,295.43000000,300.00000000,281.00000000,294.49000000,9703.09261000,1508975999999,2840747.38462630,6796,4062.96246000,1191187.65210590,0
2017-10-27 07:59:59.999,1508976000000,294.10000000,299.76000000,291.03000000,294.71000000,7813.02717000,1509062399999,2306446.33373280,6557,3502.44576000,1034906.29061690,0
2017-10-28 07:59:59.999,1509062400000,294.72000000,298.10000000,292.03000000,296.33000000,6272.14802000,1509148799999,1852704.41610560,5899,2478.34843000,733169.15119110,0
2017-10-29 07:59:59.999,1509148800000,296.14000000,297.00000000,290.10000000,291.87000000,5848.86589000,1509235199999,1715796.79419360,5589,2343.52663000,688114.52484540,0
2017-10-30 07:59:59.999,1509235200000,291.86000000,309.40000000,291.86000000,305.00000000,9019.13315000,1509321599999,2716332.81538860,6947,3673.09724000,1108293.78868600,0
2017-10-31 07:59:59.999,1509321600000,305.00000000,316.00000000,302.10000000,307.25000000,8946.12026000,1509407999999,2751568.63653630,6421,4751.89487000,1464093.31403040,0
2017-11-01 07:59:59.999,1509408000000,305.95000000,309.99000000,304.01000000,304.90000000,7640.41182000,1509494399999,2347542.86483170,7744,3070.74748000,944596.83436610,0
2017-11-02 07:59:59.999,1509494400000,304.89000000,305.90000000,286.34000000,287.01000000,9843.16660000,1509580799999,2948801.70630060,12038,3264.61810000,981818.75799190,0
2017-11-03 07:59:59.999,1509580800000,287.30000000,293.00000000,274.73000000,283.12000000,13423.85720000,1509667199999,3810829.65967330,13600,4726.14435000,1347012.89710220,0
2017-11-04 07:59:59.999,1509667200000,283.12000000,307.00000000,282.00000000,304.08000000,8194.03465000,1509753599999,2400297.63478160,8973,3439.34248000,1009675.17280160,0
2017-11-05 07:59:59.999,1509753600000,304.09000000,304.99000000,292.11000000,298.04000000,7828.41744000,1509839999999,2333944.76080540,9036,3652.33313000,1089665.53387680,0
2017-11-06 07:59:59.999,1509840000000,298.10000000,302.14000000,293.13000000,295.53000000,6638.42119000,1509926399999,1974433.01351300,7513,3403.76089000,1013349.96785480,0
2017-11-07 07:59:59.999,1509926400000,295.19000000,305.58000000,290.11000000,297.97000000,7515.50103000,1510012799999,2233482.61226260,7898,2768.12495000,823872.97235370,0
2017-11-08 07:59:59.999,1510012800000,297.25000000,303.52000000,287.00000000,291.78000000,9418.57881000,1510099199999,2765345.58277720,8788,3541.77071000,1041355.93712190,0
2017-11-09 07:59:59.999,1510099200000,291.31000000,320.00000000,290.02000000,303.02000000,15961.85772000,1510185599999,4839176.80681300,14402,7621.19678000,2314876.90423270,0
2017-11-10 07:59:59.999,1510185600000,303.60000000,329.00000000,299.50000000,317.87000000,11151.29946000,1510271999999,3527294.75033460,8208,5438.08042000,1718346.82313360,0
2017-11-11 07:59:59.999,1510272000000,318.50000000,322.65000000,285.82000000,293.50000000,15597.16557000,1510358399999,4762536.58505160,9253,7799.91110000,2384691.48162940,0
2017-11-12 07:59:59.999,1510358400000,293.52000000,318.00000000,291.91000000,310.02000000,10850.16279000,1510444799999,3282643.02778610,8646,5001.69556000,1515726.73249730,0
2017-11-13 07:59:59.999,1510444800000,310.87000000,316.99000000,281.01000000,305.24000000,21123.15319000,1510531199999,6345603.77067890,13661,9589.62986000,2900669.99649220,0
2017-11-14 07:59:59.999,1510531200000,304.00000000,318.88000000,303.70000000,312.99000000,15551.67434000,1510617599999,4852265.39556490,9066,7170.70938000,2242103.28455420,0
2017-11-15 07:59:59.999,1510617600000,313.00000000,337.54000000,312.94000000,335.61000000,17709.22270000,1510703999999,5756893.45279360,11711,8919.59659000,2901086.07391940,0
2017-11-16 07:59:59.999,1510704000000,335.60000000,339.00000000,324.00000000,331.33000000,15597.16131000,1510790399999,5178507.45727470,10036,7036.50640000,2338129.61772320,0
2017-11-17 07:59:59.999,1510790400000,330.98000000,334.75000000,321.41000000,331.49000000,14145.71696000,1510876799999,4638262.26258350,9493,6014.42341000,1974043.71963710,0
2017-11-18 07:59:59.999,1510876800000,331.49000000,334.60000000,323.84000000,331.23000000,18042.02544000,1510963199999,5954175.94002110,11548,9389.65878000,3102187.46822190,0
2017-11-19 07:59:59.999,1510963200000,331.20000000,349.90000000,326.01000000,346.66000000,14361.49730000,1511049599999,4780354.33540800,10690,7672.43904000,2559237.11231930,0
2017-11-20 07:59:59.999,1511049600000,346.66000000,373.56000000,343.07000000,354.15000000,19397.74898000,1511135999999,6895884.06240290,10509,9931.92637000,3532022.48459880,0
2017-11-21 07:59:59.999,1511136000000,355.15000000,372.50000000,353.90000000,367.42000000,18277.01940000,1511222399999,6600961.95826400,11553,9171.44481000,3318132.25711670,0
2017-11-22 07:59:59.999,1511222400000,367.42000000,375.50000000,350.02000000,362.12000000,26237.64398000,1511308799999,9556690.23124020,14762,12579.43792000,4586895.60417160,0
2017-11-23 07:59:59.999,1511308800000,362.12000000,384.84000000,359.00000000,380.65000000,18121.58484000,1511395199999,6654403.08984950,10386,9745.17516000,3590374.52725740,0
2017-11-24 07:59:59.999,1511395200000,380.63000000,425.00000000,370.02000000,405.00000000,25409.00111000,1511481599999,10084943.08955680,12731,14505.14543000,5758239.63409830,0
2017-11-25 07:59:59.999,1511481600000,405.03000000,475.00000000,392.80000000,469.00000000,30398.35831000,1511567999999,13089282.21147210,15706,15383.97249000,6660202.96463250,0
2017-11-26 07:59:59.999,1511568000000,467.57000000,484.47000000,450.00000000,461.82000000,21428.63117000,1511654399999,9958206.25645530,13282,9560.74839000,4449274.46174910,0
2017-11-27 07:59:59.999,1511654400000,461.00000000,465.00000000,436.14000000,462.84000000,21691.11759000,1511740799999,9854650.94320160,13955,9455.95178000,4305399.47918360,0
2017-11-28 07:59:59.999,1511740800000,462.84000000,486.94000000,453.00000000,472.31000000,23761.11416000,1511827199999,11199192.40160950,15797,10794.57638000,5093374.57829720,0
2017-11-29 07:59:59.999,1511827200000,472.32000000,477.50000000,453.50000000,466.17000000,23967.24816000,1511913599999,11224970.93342870,12944,10904.08622000,5113522.34317900,0
2017-11-30 07:59:59.999,1511913600000,466.17000000,515.00000000,385.00000000,421.70000000,51313.49571000,1511999999999,23657537.25119300,23835,23825.39377000,11029389.68104540,0
2017-12-01 07:59:59.999,1512000000000,421.92000000,460.00000000,387.01000000,427.43000000,45184.22265000,1512086399999,19125706.00076650,22805,24018.42012000,10172953.09608460,0
2017-12-02 07:59:59.999,1512086400000,428.05000000,465.97000000,413.74000000,457.51000000,33072.21995000,1512172799999,14471054.86973500,19944,19043.24922000,8328610.98144120,0
2017-12-03 07:59:59.999,1512172800000,457.53000000,471.91000000,445.00000000,457.63000000,25796.14000000,1512259199999,11883272.79966420,18388,12336.59141000,5685998.30529220,0
2017-12-04 07:59:59.999,1512259200000,457.31000000,485.90000000,440.11000000,460.30000000,24490.05997000,1512345599999,11436416.92419770,21404,12239.10293000,5721801.05345790,0
2017-12-05 07:59:59.999,1512345600000,460.30000000,470.98000000,445.00000000,466.67000000,23182.65949000,1512431999999,10662508.84976440,20049,11708.14715000,5390172.69773930,0
2017-12-06 07:59:59.999,1512432000000,466.66000000,468.67000000,445.21000000,452.26000000,25387.11695000,1512518399999,11663673.28648950,19373,12902.22244000,5935255.77723800,0
2017-12-07 07:59:59.999,1512518400000,452.26000000,455.10000000,400.00000000,411.01000000,38638.76036000,1512604799999,16767914.25660970,24522,16000.21644000,6945785.89973760,0
2017-12-08 07:59:59.999,1512604800000,413.50000000,427.61000000,375.01000000,406.33000000,41343.73269000,1512691199999,16842079.09190120,30163,17174.99356000,7025122.81211470,0
2017-12-09 07:59:59.999,1512691200000,406.52000000,456.78000000,390.00000000,442.56000000,41064.60305000,1512777599999,17430991.95905210,42348,17149.63290000,7318210.62440880,0
2017-12-10 07:59:59.999,1512777600000,442.56000000,488.00000000,426.40000000,460.00000000,41918.34044000,1512863999999,19341744.41303860,35517,20439.87165000,9429536.53392380,0
2017-12-11 07:59:59.999,1512864000000,460.00000000,460.05000000,403.20000000,427.35000000,34919.25938000,1512950399999,15125760.61570250,32416,15317.92712000,6644966.01079370,0
2017-12-12 07:59:59.999,1512950400000,427.35000000,512.00000000,427.35000000,508.70000000,29763.16644000,1513036799999,13776239.58265010,28773,14163.91481000,6587249.84110790,0
2017-12-13 07:59:59.999,1513036800000,508.44000000,639.27000000,494.89000000,620.00000000,59387.02259000,1513123199999,33241867.03352950,66420,30066.72168000,16943769.84142550,0
2017-12-14 07:59:59.999,1513123200000,622.00000000,705.69000000,539.93000000,683.99000000,57694.18773000,1513209599999,36344921.46479940,55759,28508.57887000,18035820.05084940,0
2017-12-15 07:59:59.999,1513209600000,683.98000000,747.60000000,630.50000000,679.76000000,60919.26902000,1513295999999,41882857.09526100,51279,30685.47276000,21096463.09827190,0
2017-12-16 07:59:59.999,1513296000000,679.76000000,689.00000000,594.60000000,674.95000000,39778.16165000,1513382399999,25891535.69694390,38469,17125.09695000,11225974.59477010,0
2017-12-17 07:59:59.999,1513382400000,673.75000000,712.00000000,669.22000000,682.81000000,26866.05330000,1513468799999,18466770.73251090,25236,12518.18939000,8621540.35071790,0
2017-12-18 07:59:59.999,1513468800000,681.80000000,728.00000000,680.33000000,707.64000000,31398.44760000,1513555199999,22242667.21533620,36094,16831.51917000,11929457.90222880,0
2017-12-19 07:59:59.999,1513555200000,707.62000000,798.88000000,638.00000000,784.00000000,45673.70777000,1513641599999,32799947.57446940,40460,25894.22216000,18738099.82827320,0
2017-12-20 07:59:59.999,1513641600000,784.00000000,864.90000000,729.01000000,798.00000000,69423.62125000,1513727999999,55123972.01609010,57020,35335.29681000,28200283.21408730,0
2017-12-21 07:59:59.999,1513728000000,798.00000000,828.00000000,661.00000000,790.21000000,72526.28416000,1513814399999,55604509.75310120,58344,31819.17997000,24498518.36995670,0
2017-12-22 07:59:59.999,1513814400000,794.62000000,845.99000000,705.98000000,782.41000000,78222.53998000,1513900799999,62052521.65090250,57627,42391.62500000,33836866.12767150,0
2017-12-23 07:59:59.999,1513900800000,784.00000000,796.00000000,504.99000000,635.97000000,154630.49482000,1513987199999,98661808.48224840,113138,72411.90221000,46364952.49949940,0
2017-12-24 07:59:59.999,1513987200000,635.15000000,714.99000000,627.97000000,640.34000000,79001.05634000,1514073599999,53738833.88061430,79260,42804.08114000,29157507.58909000,0
2017-12-25 07:59:59.999,1514073600000,640.33000000,667.64000000,563.49000000,658.00000000,95431.94156000,1514159999999,59101715.15062930,108808,46121.82453000,28654615.71975550,0
2017-12-26 07:59:59.999,1514160000000,659.40000000,744.00000000,599.99000000,714.95000000,78544.84102000,1514246399999,55108579.68400840,86060,43032.95930000,30201608.57709150,0
2017-12-27 07:59:59.999,1514246400000,713.12000000,750.00000000,712.56000000,750.00000000,60052.47905000,1514332799999,44216631.90196370,78690,31422.67790000,23139437.75683630,0
2017-12-28 07:59:59.999,1514332800000,750.00000000,766.05000000,693.18000000,739.89000000,51339.27820000,1514419199999,38102246.98666030,72364,25938.69371000,19278946.19065180,0
2017-12-29 07:59:59.999,1514419200000,739.89000000,744.93000000,645.88000000,707.89000000,72679.61288000,1514505599999,50030889.11104550,94413,35865.49648000,24731619.69285810,0
2017-12-30 07:59:59.999,1514505600000,709.50000000,757.87000000,703.00000000,733.99000000,64028.12647000,1514591999999,46838775.81758080,89024,31777.71602000,23266046.75783670,0
2017-12-31 07:59:59.999,1514592000000,732.90000000,735.00000000,635.82000000,681.06000000,89879.99994000,1514678399999,61752153.66107810,123765,41572.44573000,28554635.99557210,0
2018-01-01 07:59:59.999,1514678400000,680.01000000,740.00000000,672.86000000,733.98000000,62628.24458000,1514764799999,44570894.79906170,92610,32109.79685000,22872625.29434590,0
2018-01-02 07:59:59.999,1514764800000,733.01000000,763.55000000,716.80000000,754.99000000,53909.25885000,1514851199999,40049370.59492610,75314,27993.21701000,20800946.82317060,0
2018-01-03 07:59:59.999,1514851200000,754.99000000,899.50000000,749.06000000,855.28000000,113257.78355000,1514937599999,95749946.06046560,142511,59298.38305000,50193115.72717760,0
2018-01-04 07:59:59.999,1514937600000,855.13000000,950.01000000,810.00000000,934.03000000,89041.45688000,1515023999999,78173093.71219920,118866,46899.16696000,41196862.55158440,0
2018-01-05 07:59:59.999,1515024000000,934.03000000,1009.72000000,890.01000000,940.00000000,102894.47384000,1515110399999,97740086.59030570,132633,56497.66029000,53871687.77288470,0
2018-01-06 07:59:59.999,1515110400000,940.00000000,1045.00000000,930.00000000,959.30000000,97374.01630000,1515196799999,95739901.47601940,124438,46202.53716000,45538935.01379350,0
2018-01-07 07:59:59.999,1515196800000,958.00000000,1017.56000000,950.00000000,1004.11000000,71954.27895000,1515283199999,71196052.34066790,91685,37424.43173000,37089109.96309390,0
2018-01-08 07:59:59.999,1515283200000,1003.71000000,1125.00000000,999.90000000,1123.09000000,65278.81957000,1515369599999,70126945.17356540,89192,34849.04095000,37476141.63947700,0
2018-01-09 07:59:59.999,1515369600000,1123.09000000,1239.18000000,910.00000000,1133.18000000,158831.54798000,1515455999999,176599793.21126880,171664,80909.60102000,90225877.05144800,0
2018-01-10 07:59:59.999,1515456000000,1133.18000000,1326.50000000,1104.85000000,1291.00000000,118702.88684000,1515542399999,143246762.08456970,152628,63819.94883000,77223073.25931130,0
2018-01-11 07:59:59.999,1515542400000,1291.00000000,1440.00000000,1201.10000000,1247.00000000,160185.01290000,1515628799999,210902815.46883200,191352,80897.55541000,106746349.59623190,0
2018-01-12 07:59:59.999,1515628800000,1249.03000000,1332.49000000,1021.00000000,1138.93000000,194546.29387000,1515715199999,230792205.87537420,210914,90313.17614000,107408785.96097980,0
2018-01-13 07:59:59.999,1515715200000,1136.45000000,1288.50000000,1069.01000000,1253.87000000,93763.47261000,1515801599999,113367281.76511590,117851,47727.57553000,57769541.83741000,0
2018-01-14 07:59:59.999,1515801600000,1253.87000000,1427.01000000,1252.00000000,1388.02000000,75893.43201000,1515887999999,101824625.25840410,115872,40759.98465000,54700348.39273760,0
2018-01-15 07:59:59.999,1515888000000,1388.10000000,1391.89000000,1220.89000000,1347.00000000,98391.19585000,1515974399999,128517479.71604510,124920,49243.39136000,64308202.77234540,0
2018-01-16 07:59:59.999,1515974400000,1347.99000000,1383.13000000,1258.12000000,1271.00000000,69236.70476000,1516060799999,90732886.24105530,105410,32880.54134000,43133689.39779020,0
2018-01-17 07:59:59.999,1516060800000,1268.67000000,1275.01000000,780.00000000,1000.00000000,343889.36509000,1516147199999,355819297.45705260,304696,158932.38241000,165083928.94776610,0
2018-01-18 07:59:59.999,1516147200000,999.99000000,1075.51000000,755.00000000,1000.00000000,436333.67326000,1516233599999,398063123.66295320,391331,215412.88029000,196978642.43245640,0
2018-01-19 07:59:59.999,1516233600000,1000.00000000,1075.20000000,924.21000000,994.00000000,294545.71207000,1516319999999,296964713.70633010,278162,148139.91520000,149318397.09766870,0
2018-01-20 07:59:59.999,1516320000000,993.30000000,1079.00000000,941.00000000,1032.50000000,167954.11253000,1516406399999,171217738.31622490,171662,87251.78210000,89102808.30262310,0
2018-01-21 07:59:59.999,1516406400000,1032.50000000,1165.40000000,1031.00000000,1152.75000000,123352.58362000,1516492799999,137333158.12837540,139129,59469.51440000,66105659.55948060,0
2018-01-22 07:59:59.999,1516492800000,1150.37000000,1152.69000000,998.00000000,1049.00000000,175031.00789000,1516579199999,186353755.57316150,189013,84495.91903000,90104698.15086040,0
2018-01-23 07:59:59.999,1516579200000,1049.00000000,1090.15000000,908.00000000,993.00000000,185212.52002000,1516665599999,185276703.38114570,200594,85196.91919000,85315603.86565530,0
2018-01-24 07:59:59.999,1516665600000,993.00000000,1030.00000000,909.00000000,980.00000000,160159.63958000,1516751999999,156053774.30993190,188114,77990.78030000,76164110.43130360,0
2018-01-25 07:59:59.999,1516752000000,981.20000000,1074.00000000,953.09000000,1061.00000000,134257.79470000,1516838399999,135793371.30359060,164024,65704.16239000,66618089.35354220,0
2018-01-26 07:59:59.999,1516838400000,1060.34000000,1115.00000000,1030.26000000,1056.52000000,119415.93495000,1516924799999,127855243.16991910,140455,51616.93186000,55173677.07046420,0
2018-01-27 07:59:59.999,1516924800000,1055.29000000,1082.00000000,986.00000000,1051.03000000,145113.63800000,1517011199999,150237011.30051970,168271,65457.65737000,67827452.97853400,0
2018-01-28 07:59:59.999,1517011200000,1051.03000000,1127.99000000,1032.20000000,1118.99000000,96894.33839000,1517097599999,105043056.37682400,130125,45766.53699000,49629825.89151590,0
2018-01-29 07:59:59.999,1517097600000,1118.99000000,1277.00000000,1112.00000000,1251.96000000,143510.73586000,1517183999999,173283524.87516750,191653,75218.37986000,90855763.28965220,0
2018-01-30 07:59:59.999,1517184000000,1251.96000000,1258.89000000,1161.65000000,1177.01000000,105292.76808000,1517270399999,126282956.23860490,172601,48840.57937000,58534935.19062220,0
2018-01-31 07:59:59.999,1517270400000,1177.01000000,1186.85000000,1051.00000000,1085.50000000,155278.55404000,1517356799999,173857602.76472660,257484,69602.77847000,78061183.25828350,0
2018-02-01 07:59:59.999,1517356800000,1084.63000000,1135.00000000,1029.00000000,1124.81000000,100372.03783000,1517443199999,109226169.40308700,191394,50640.76647000,55078099.41515020,0
2018-02-02 07:59:59.999,1517443200000,1125.96000000,1164.99000000,981.00000000,1041.94000000,203355.29052000,1517529599999,220810878.73135090,343466,103607.53527000,112587064.50233980,0
2018-02-03 07:59:59.999,1517529600000,1041.89000000,1047.20000000,783.67000000,922.30000000,377375.22874000,1517615999999,348077470.81722150,501434,181803.82775000,167889492.18722150,0
2018-02-04 07:59:59.999,1517616000000,923.67000000,998.00000000,851.00000000,971.00000000,160037.88129000,1517702399999,150132852.16983070,277958,81177.46937000,76165426.97083700,0
2018-02-05 07:59:59.999,1517702400000,971.00000000,975.00000000,789.00000000,823.56000000,186446.03160000,1517788799999,163419119.01139310,291397,85023.08997000,74574008.44710110,0
2018-02-06 07:59:59.999,1517788800000,821.60000000,862.47000000,634.94000000,697.92000000,365516.52899000,1517875199999,270801309.65419200,430516,172545.91147000,127791783.26703600,0
2018-02-07 07:59:59.999,1517875200000,697.93000000,798.00000000,570.10000000,779.25000000,648944.42040000,1517961599999,435291131.04547760,685832,322992.49713000,216518421.16199930,0
2018-02-08 07:59:59.999,1517961600000,779.99000000,849.00000000,714.18000000,754.00000000,356403.44410000,1518047999999,282259408.68782730,394597,175794.37713000,139230064.66501170,0
2018-02-08 08:28:14.799,1518048000000,753.19000000,786.93000000,751.00000000,781.66000000,10516.26190000,1518049694799,8110366.54793310,8507,5608.73717000,4322984.75567100,0
2018-02-10 07:59:59.999,1518134400000,781.66000000,882.20000000,781.66000000,877.00000000,95447.67289000,1518220799999,81316368.02043540,196544,48219.20627000,41065080.69212890,0
2018-02-11 07:59:59.999,1518220800000,876.30000000,911.20000000,800.00000000,851.15000000,214818.06768000,1518307199999,184921264.97540710,342039,106790.73578000,91838495.01903430,0
2018-02-12 07:59:59.999,1518307200000,851.15000000,857.00000000,768.28000000,808.99000000,189323.40800000,1518393599999,154647315.01899800,318895,93816.64268000,76606662.62607830,0
2018-02-13 07:59:59.999,1518393600000,808.58000000,877.56000000,807.46000000,866.66000000,143586.93121000,1518479999999,122610007.85699210,300970,71318.44048000,60931441.31271000,0
2018-02-14 07:59:59.999,1518480000000,866.39000000,871.00000000,820.00000000,841.57000000,110305.93537000,1518566399999,92966057.37655680,234604,52069.10892000,43902195.12344390,0
2018-02-15 07:59:59.999,1518566400000,841.57000000,924.99000000,841.30000000,919.09000000,150342.85558000,1518652799999,133514830.89704840,297425,77859.33104000,69115076.36949150,0
2018-02-16 07:59:59.999,1518652800000,919.09000000,946.66000000,895.59000000,924.55000000,155637.78524000,1518739199999,143817533.14156030,308893,75296.76352000,69608824.82704310,0
2018-02-17 07:59:59.999,1518739200000,924.55000000,948.48000000,901.36000000,938.67000000,115540.16349000,1518825599999,107292023.64323890,247188,58076.47841000,53965172.15576340,0
2018-02-18 07:59:59.999,1518825600000,938.60000000,974.00000000,933.48000000,969.99000000,110091.03618000,1518911999999,105637458.53230330,224139,55838.89511000,53589187.40533720,0
2018-02-19 07:59:59.999,1518912000000,969.99000000,978.50000000,897.00000000,911.00000000,160129.79518000,1518998399999,149501060.85399620,287445,76779.45418000,71653112.03809310,0
2018-02-20 07:59:59.999,1518998400000,911.00000000,956.22000000,906.04000000,938.11000000,80099.49534000,1519084799999,75083849.37544660,188985,39939.92617000,37449846.39561810,0
2018-02-21 07:59:59.999,1519084800000,939.17000000,961.00000000,873.00000000,882.99000000,120056.67502000,1519171199999,111258169.98269990,225795,51589.65011000,47882656.04060700,0
2018-02-22 07:59:59.999,1519171200000,882.99000000,908.88000000,812.87000000,835.89000000,176200.55151000,1519257599999,151739402.98468700,324214,87081.74410000,75003256.84745940,0
2018-02-23 07:59:59.999,1519257600000,836.35000000,871.96000000,786.60000000,801.49000000,137561.85113000,1519343999999,112939926.71690960,265430,66047.98885000,54235297.72227190,0
2018-02-24 07:59:59.999,1519344000000,801.47000000,885.00000000,785.99000000,851.60000000,154507.41338000,1519430399999,130147658.00644790,283445,78138.49259000,65812197.02366920,0
2018-02-25 07:59:59.999,1519430400000,851.59000000,875.00000000,805.00000000,833.94000000,89311.57940000,1519516799999,75082869.27221530,180745,42475.83266000,35742853.26644500,0
2018-02-26 07:59:59.999,1519516800000,833.92000000,849.50000000,813.18000000,841.19000000,59431.26474000,1519603199999,49520472.19407260,134040,30059.73273000,25066747.78495790,0
2018-02-27 07:59:59.999,1519603200000,841.46000000,882.00000000,833.00000000,867.98000000,74911.46560000,1519689599999,64498089.20357200,135463,40273.49778000,34652951.89291830,0
2018-02-28 07:59:59.999,1519689600000,867.98000000,897.49000000,860.69000000,870.11000000,63487.68425000,1519775999999,55793476.98017200,113151,31371.55804000,27569970.85346770,0
2018-03-01 07:59:59.999,1519776000000,871.84000000,891.00000000,850.30000000,853.50000000,53620.45209000,1519862399999,46744924.41977600,102553,27052.02562000,23576664.62001030,0
2018-03-02 07:59:59.999,1519862400000,853.50000000,879.96000000,848.65000000,870.63000000,43785.00503000,1519948799999,37976139.75173690,89476,22585.28400000,19603857.33727670,0
2018-03-03 07:59:59.999,1519948800000,870.63000000,876.22000000,850.00000000,856.28000000,39436.26006000,1520035199999,34068626.38325950,77178,18068.41456000,15614620.31652370,0
2018-03-04 07:59:59.999,1520035200000,856.27000000,870.78000000,852.30000000,856.02000000,34170.29420000,1520121599999,29487108.37488000,65375,15376.67570000,13272220.34219830,0
2018-03-05 07:59:59.999,1520121600000,856.51000000,868.00000000,836.24000000,866.66000000,29735.01829000,1520207999999,25364732.86436440,64562,15317.96521000,13061032.86512280,0
2018-03-06 07:59:59.999,1520208000000,866.61000000,871.75000000,847.20000000,849.84000000,30567.79813000,1520294399999,26391332.15467580,61568,12799.98986000,11065449.08685750,0
2018-03-07 07:59:59.999,1520294400000,849.81000000,853.18000000,803.01000000,813.11000000,48658.06883000,1520380799999,40340972.83291270,90220,22191.73389000,18401910.62372530,0
2018-03-08 07:59:59.999,1520380800000,813.31000000,826.20000000,718.40000000,749.90000000,109013.28380000,1520467199999,83030975.90436890,157657,48470.06648000,36781464.41114630,0
2018-03-09 07:59:59.999,1520467200000,749.02000000,772.07000000,684.00000000,695.46000000,76312.77819000,1520553599999,55751521.78456150,124325,36044.50510000,26338275.29885890,0
2018-03-10 07:59:59.999,1520553600000,695.48000000,727.92000000,640.00000000,723.71000000,116545.37303000,1520639999999,79262060.75400760,174238,60668.11131000,41319376.25041640,0
2018-03-11 07:59:59.999,1520640000000,723.65000000,745.00000000,673.06000000,680.58000000,63012.67972000,1520726399999,45345997.50423290,98429,31800.29863000,22911200.99151190,0
2018-03-12 07:59:59.999,1520726400000,680.58000000,735.00000000,659.15000000,720.85000000,73967.35869000,1520812799999,51773437.86712320,108011,38421.73903000,26903570.28100540,0
2018-03-13 07:59:59.999,1520812800000,721.00000000,740.50000000,676.31000000,697.11000000,67732.85988000,1520899199999,48042091.34638400,107566,31034.85323000,22068909.99726320,0
2018-03-14 07:59:59.999,1520899200000,696.52000000,713.76000000,680.00000000,689.94000000,55735.18315000,1520985599999,38651705.85401960,110481,26716.95139000,18575299.55125520,0
2018-03-15 07:59:59.999,1520985600000,690.16000000,703.54000000,585.00000000,610.10000000,89904.25415000,1521071999999,57785217.48530550,139296,39532.62564000,25438176.25918170,0
2018-03-16 07:59:59.999,1521072000000,610.10000000,621.12000000,570.00000000,608.83000000,94426.72453000,1521158399999,56487242.00878460,139923,46470.38535000,27835899.84016650,0
2018-03-17 07:59:59.999,1521158400000,608.83000000,625.30000000,584.15000000,599.05000000,64720.20994000,1521244799999,39356556.47210970,84631,33403.29506000,20344035.08702480,0
2018-03-18 07:59:59.999,1521244800000,599.03000000,609.26000000,544.00000000,546.95000000,68022.45920000,1521331199999,39167671.24789790,85603,32527.71191000,18706692.77826370,0
2018-03-19 07:59:59.999,1521331200000,547.98000000,560.00000000,450.00000000,537.00000000,248817.22600000,1521417599999,125170992.06325350,273110,114393.25553000,57727396.53869080,0
2018-03-20 07:59:59.999,1521417600000,537.39000000,560.00000000,515.80000000,556.88000000,184798.77062000,1521503999999,99812549.63890140,190236,91723.14578000,49567220.40022150,0
2018-03-21 07:59:59.999,1521504000000,556.88000000,567.87000000,515.00000000,557.00000000,135426.91549000,1521590399999,73696454.55947950,141920,67726.94222000,36860017.18479350,0
2018-03-22 07:59:59.999,1521590400000,557.00000000,590.52000000,545.11000000,559.17000000,117019.17321000,1521676799999,66572210.67095110,139151,57668.25343000,32774544.67269290,0
2018-03-23 07:59:59.999,1521676800000,559.15000000,578.60000000,516.00000000,539.92000000,111106.19916000,1521763199999,60459505.60659080,123941,55271.47004000,30077484.37141800,0
2018-03-24 07:59:59.999,1521763200000,539.78000000,544.72000000,506.71000000,543.03000000,106416.06746000,1521849599999,55542669.04309830,122067,53573.84272000,27978541.85792030,0
2018-03-25 07:59:59.999,1521849600000,543.20000000,545.99000000,518.63000000,520.22000000,87710.78945000,1521935999999,46963103.45073160,104841,41522.36464000,22242100.38139730,0
2018-03-26 07:59:59.999,1521936000000,521.17000000,536.00000000,512.00000000,523.74000000,71903.17130000,1522022399999,37482165.18208220,90242,33854.54926000,17655912.67093830,0
2018-03-27 07:59:59.999,1522022400000,523.95000000,527.67000000,465.56000000,485.00000000,151084.23688000,1522108799999,74104022.13000240,144216,76715.81596000,37587633.55547330,0
2018-03-28 07:59:59.999,1522108800000,485.00000000,491.55000000,446.00000000,448.50000000,138188.76042000,1522195199999,63816245.42740860,139179,61442.73325000,28392464.63633370,0
2018-03-29 07:59:59.999,1522195200000,448.50000000,466.00000000,440.14000000,446.67000000,89895.47885000,1522281599999,40547475.95366830,90706,43268.16083000,19526756.91968050,0
2018-03-30 07:59:59.999,1522281600000,446.07000000,449.43000000,380.00000000,384.00000000,225341.94316000,1522367999999,91719449.93042180,176576,105223.74466000,42823913.34205660,0
2018-03-31 07:59:59.999,1522368000000,383.87000000,412.04000000,366.00000000,392.43000000,292254.79437000,1522454399999,112316125.32671660,232555,139653.28026000,53711196.76924220,0
2018-04-01 07:59:59.999,1522454400000,392.40000000,419.40000000,388.52000000,393.92000000,167833.59399000,1522540799999,67461541.58866280,134396,85749.94972000,34500084.51846050,0
2018-04-02 07:59:59.999,1522540800000,393.93000000,399.91000000,356.90000000,378.58000000,150493.99422000,1522627199999,56620178.35434070,119329,71969.44590000,27073234.65485070,0
2018-04-03 07:59:59.999,1522627200000,378.58000000,394.87000000,375.00000000,385.05000000,113242.14191000,1522713599999,43596858.50247120,95810,60918.09989000,23456311.31964970,0
2018-04-04 07:59:59.999,1522713600000,385.00000000,419.08000000,380.13000000,415.01000000,137897.55565000,1522799999999,55385110.15483810,118778,72741.86375000,29203166.49757170,0
2018-04-05 07:59:59.999,1522800000000,415.00000000,416.50000000,370.00000000,378.16000000,140598.39668000,1522886399999,54594624.75694240,132792,69080.32064000,26802920.54293460,0
2018-04-06 07:59:59.999,1522886400000,378.15000000,387.03000000,365.61000000,381.22000000,120314.05875000,1522972799999,45411126.89561740,103370,60702.08220000,22942001.54386410,0
2018-04-07 07:59:59.999,1522972800000,381.56000000,385.91000000,362.54000000,368.89000000,74458.69141000,1523059199999,27645272.51650700,69396,36948.37773000,13722741.93768630,0
2018-04-08 07:59:59.999,1523059200000,368.89000000,394.75000000,368.28000000,384.51000000,71463.42848000,1523145599999,27442723.65521810,65341,39310.34310000,15088027.53374130,0
2018-04-09 07:59:59.999,1523145600000,384.51000000,404.05000000,384.00000000,400.40000000,57395.52936000,1523231999999,22720923.54700050,61290,31269.11717000,12384767.57747670,0
2018-04-10 07:59:59.999,1523232000000,400.40000000,431.99000000,387.10000000,399.44000000,151653.50413000,1523318399999,61605245.86727480,122647,81164.60858000,33028431.07245560,0
2018-04-11 07:59:59.999,1523318400000,399.25000000,418.68000000,391.40000000,416.07000000,81394.29605000,1523404799999,32805764.10197230,73634,39654.82636000,16004029.83185100,0
2018-04-12 07:59:59.999,1523404800000,415.53000000,433.54000000,410.38000000,429.52000000,86706.68627000,1523491199999,36371404.22510470,76885,44672.00021000,18743004.71810890,0
2018-04-13 07:59:59.999,1523491200000,429.90000000,499.00000000,412.88000000,495.67000000,249766.38316000,1523577599999,113968625.28633960,202769,121547.23979000,55471535.40865620,0
2018-04-14 07:59:59.999,1523577600000,494.30000000,530.00000000,480.22000000,495.11000000,251752.08782000,1523663999999,127274585.04245970,206506,123872.45036000,62548394.17205760,0
2018-04-15 07:59:59.999,1523664000000,494.69000000,515.00000000,485.58000000,502.68000000,121283.33380000,1523750399999,60727364.27405790,98631,60998.98842000,30544457.20975630,0
2018-04-16 07:59:59.999,1523750400000,502.68000000,535.00000000,502.51000000,533.88000000,108739.15395000,1523836799999,56506254.97253160,93171,57139.99073000,29710349.75776470,0
2018-04-17 07:59:59.999,1523836800000,533.88000000,538.00000000,497.31000000,511.46000000,130359.52549000,1523923199999,66652300.80679620,103147,60079.00406000,30729925.47762470,0
2018-04-18 07:59:59.999,1523923200000,512.09000000,521.20000000,500.02000000,502.56000000,96541.96382000,1524009599999,49273622.85307060,91563,46910.09255000,23946544.54982590,0
2018-04-19 07:59:59.999,1524009600000,502.56000000,526.99000000,501.12000000,526.09000000,73161.95251000,1524095999999,37673780.83688760,68912,40719.86775000,20988712.96744070,0
2018-04-20 07:59:59.999,1524096000000,526.49000000,571.61000000,521.03000000,568.14000000,112235.77328000,1524182399999,61044208.31751140,100508,58720.48369000,31889417.11774140,0
2018-04-21 07:59:59.999,1524182400000,568.14000000,622.17000000,556.50000000,617.09000000,160209.03951000,1524268799999,93907683.47732830,153184,74320.28896000,43506166.78881280,0
2018-04-22 07:59:59.999,1524268800000,616.80000000,624.50000000,570.23000000,604.87000000,159364.95353000,1524355199999,95664939.94081830,159407,78153.60888000,46861099.64117870,0
2018-04-23 07:59:59.999,1524355200000,604.87000000,643.49000000,589.00000000,620.92000000,120127.37280000,1524441599999,74788729.84931920,122258,61246.48956000,38184257.04330510,0
2018-04-24 07:59:59.999,1524441600000,620.67000000,649.11000000,618.02000000,645.09000000,77475.70793000,1524527999999,49473079.44494780,88353,39248.30497000,25074915.27186450,0
2018-04-25 07:59:59.999,1524528000000,644.58000000,712.99000000,643.76000000,701.58000000,171437.66972000,1524614399999,118180314.71657870,159888,91426.36964000,62994280.59660920,0
2018-04-26 07:59:59.999,1524614400000,701.16000000,703.30000000,593.83000000,618.00000000,341439.50428000,1524700799999,218497368.19349800,309129,168602.81904000,107875026.52506130,0
2018-04-27 07:59:59.999,1524700800000,617.73000000,666.19000000,600.00000000,661.51000000,155754.00815000,1524787199999,98084636.57769930,150017,76481.83444000,48219285.06520120,0
2018-04-28 07:59:59.999,1524787200000,661.51000000,686.82000000,635.73000000,643.46000000,134803.48389000,1524873599999,89621495.41790060,132051,65494.83214000,43584183.33973510,0
2018-04-29 07:59:59.999,1524873600000,643.41000000,694.90000000,638.76000000,682.86000000,113128.36337000,1524959999999,76596615.43294750,114761,58734.58851000,39786611.31266020,0
2018-04-30 07:59:59.999,1524960000000,683.50000000,700.49000000,665.28000000,690.85000000,110020.23869000,1525046399999,75235079.30184480,121177,52218.32161000,35747869.59125030,0
2018-05-01 07:59:59.999,1525046400000,690.85000000,695.30000000,662.20000000,670.78000000,112494.91720000,1525132799999,76654028.97975390,109155,56599.46199000,38596782.92233760,0
2018-05-02 07:59:59.999,1525132800000,670.78000000,675.60000000,627.58000000,672.00000000,133123.66675000,1525219199999,87065924.85114830,120421,60363.54848000,39426790.59210050,0
2018-05-03 07:59:59.999,1525219200000,671.99000000,691.99000000,663.00000000,688.56000000,86185.50330000,1525305599999,58547697.50570350,97534,47460.17330000,32261968.39361990,0
2018-05-04 07:59:59.999,1525305600000,688.55000000,792.08000000,685.39000000,779.00000000,229419.20900000,1525391999999,169982888.33833640,210459,118584.02308000,87775109.77360090,0
2018-05-05 07:59:59.999,1525392000000,779.00000000,810.00000000,756.91000000,785.99000000,179924.40215000,1525478399999,141283262.92413220,161690,90632.87892000,71235800.14789630,0
2018-05-06 07:59:59.999,1525478400000,785.80000000,832.66000000,781.56000000,819.50000000,128631.18764000,1525564799999,104594301.60936390,121136,68646.32685000,55817590.00757500,0
2018-05-07 07:59:59.999,1525564800000,819.50000000,839.99000000,752.49000000,794.30000000,166871.16002000,1525651199999,132187629.45068900,154829,83663.13801000,66427974.42341990,0
2018-05-08 07:59:59.999,1525651200000,794.30000000,799.14000000,701.00000000,752.49000000,284237.06328000,1525737599999,210066185.28612950,232411,128638.27791000,95026417.28709860,0
2018-05-09 07:59:59.999,1525737600000,753.00000000,777.00000000,720.02000000,748.99000000,135106.19621000,1525823999999,101156197.25733180,126971,65785.64028000,49239934.89447100,0
2018-05-10 07:59:59.999,1525824000000,748.99000000,760.74000000,710.26000000,751.75000000,112353.37758000,1525910399999,82933836.45451400,104593,56905.42297000,42032849.91733500,0
2018-05-11 07:59:59.999,1525910400000,752.40000000,769.88000000,720.00000000,722.52000000,102019.29933000,1525996799999,76658823.46303080,99850,51561.01377000,38797465.57447480,0
2018-05-12 07:59:59.999,1525996800000,722.52000000,737.23000000,663.00000000,676.96000000,216953.54991000,1526083199999,150336847.82806850,192008,101003.74344000,69952774.71207490,0
2018-05-13 07:59:59.999,1526083200000,676.96000000,690.20000000,633.20000000,684.11000000,166801.07487000,1526169599999,111101666.32392630,159177,78843.94356000,52499825.00380480,0
2018-05-14 07:59:59.999,1526169600000,684.56000000,742.00000000,666.31000000,729.08000000,136022.39207000,1526255999999,96516164.98418590,116733,70003.23059000,49661581.19954880,0
2018-05-15 07:59:59.999,1526256000000,729.08000000,743.90000000,686.00000000,727.49000000,183466.92240000,1526342399999,131397089.11491410,152787,89358.81076000,64060315.62225620,0
2018-05-16 07:59:59.999,1526342400000,727.49000000,740.00000000,695.00000000,704.91000000,127191.21863000,1526428799999,91869541.84247220,115906,65194.99165000,47126392.06289730,0
2018-05-17 07:59:59.999,1526428800000,704.91000000,712.84000000,673.52000000,706.29000000,118902.46895000,1526515199999,82315246.51320330,121956,59502.98405000,41222835.60421820,0
2018-05-18 07:59:59.999,1526515200000,706.80000000,719.25000000,662.00000000,667.62000000,106723.38375000,1526601599999,74320001.25376880,109610,51643.55118000,35999130.55302080,0
2018-05-19 07:59:59.999,1526601600000,667.62000000,694.90000000,656.00000000,692.60000000,106541.66307000,1526687999999,72118376.52380140,114419,54699.90084000,37057267.62121270,0
2018-05-20 07:59:59.999,1526688000000,693.26000000,717.80000000,682.31000000,697.00000000,88828.85641000,1526774399999,62026599.80977050,99860,45052.07989000,31452211.21519650,0
2018-05-21 07:59:59.999,1526774400000,697.00000000,729.88000000,688.40000000,716.16000000,86004.74090000,1526860799999,61227466.29248830,91685,43571.09472000,31042626.10700530,0
2018-05-22 07:59:59.999,1526860800000,716.16000000,720.46000000,688.00000000,696.70000000,96085.15451000,1526947199999,67799023.54998430,89438,43697.48560000,30857840.28836450,0
2018-05-23 07:59:59.999,1526947200000,697.10000000,699.60000000,637.32000000,640.99000000,107059.57690000,1527033599999,72112726.83634800,110915,50607.50277000,34122130.87636410,0
2018-05-24 07:59:59.999,1527033600000,640.86000000,669.00000000,560.00000000,577.19000000,257099.77096000,1527119999999,155638543.76086570,203100,120864.87161000,73183522.63475080,0
2018-05-25 07:59:59.999,1527120000000,577.19000000,612.10000000,550.00000000,602.18000000,195854.62497000,1527206399999,114324332.26096410,159755,97510.70429000,56938498.13464700,0
2018-05-26 07:59:59.999,1527206400000,602.08000000,617.46000000,568.70000000,585.55000000,118076.26273000,1527292799999,70118224.93431350,115243,58137.51406000,34559969.40270940,0
2018-05-27 07:59:59.999,1527292800000,585.56000000,607.62000000,578.32000000,586.00000000,77654.12532000,1527379199999,46205282.68535490,76446,39888.62561000,23724451.19056690,0
2018-05-28 07:59:59.999,1527379200000,586.03000000,592.00000000,557.43000000,570.40000000,97097.26713000,1527465599999,55737244.51910230,90855,49860.49139000,28594913.18096400,0
2018-05-29 07:59:59.999,1527465600000,570.81000000,576.20000000,506.11000000,511.50000000,153197.83278000,1527551999999,81950608.39014620,136137,72896.65930000,38990869.40202700,0
2018-05-30 07:59:59.999,1527552000000,511.50000000,573.43000000,510.00000000,567.36000000,189082.83788000,1527638399999,103113233.70003000,128067,98238.03770000,53465712.40357530,0
2018-05-31 07:59:59.999,1527638400000,567.09000000,585.83000000,541.20000000,557.19000000,122132.27010000,1527724799999,68698935.18235030,94311,62301.91063000,35039310.07859430,0
2018-06-01 07:59:59.999,1527724800000,557.87000000,586.73000000,552.98000000,577.81000000,100101.52276000,1527811199999,57312700.87005420,88463,52802.56771000,30225262.62021690,0
2018-06-02 07:59:59.999,1527811200000,577.81000000,590.26000000,564.93000000,579.00000000,83840.84162000,1527897599999,48334174.76458640,85475,43154.52060000,24878100.16348540,0
2018-06-03 07:59:59.999,1527897600000,579.00000000,599.17000000,572.90000000,590.85000000,80258.14719000,1527983999999,47346968.13181880,81067,34652.44538000,20427136.53536490,0
2018-06-04 07:59:59.999,1527984000000,590.85000000,628.81000000,590.10000000,619.66000000,84123.33235000,1528070399999,51660963.90703360,83803,40226.93765000,24693632.86545540,0
2018-06-05 07:59:59.999,1528070400000,619.66000000,625.47000000,580.15000000,591.02000000,96339.44507000,1528156799999,57791317.72689690,86009,49160.85834000,29506398.83430720,0
2018-06-06 07:59:59.999,1528156800000,591.02000000,614.00000000,570.36000000,609.05000000,89053.74351000,1528243199999,52918830.20922890,86957,44401.66940000,26411381.78945780,0
2018-06-07 07:59:59.999,1528243200000,609.29000000,613.35000000,593.40000000,607.40000000,70152.92117000,1528329599999,42406036.33597880,71275,32056.28186000,19383741.34556910,0
2018-06-08 07:59:59.999,1528329600000,606.68000000,618.00000000,598.24000000,605.16000000,60174.18880000,1528415999999,36622061.39579840,61247,26952.13447000,16412936.16756690,0
2018-06-09 07:59:59.999,1528416000000,605.20000000,608.45000000,593.33000000,598.68000000,49228.00755000,1528502399999,29570758.38314740,49881,23316.17774000,14007954.69500650,0
2018-06-10 07:59:59.999,1528502400000,599.29000000,608.97000000,591.00000000,592.87000000,38908.06530000,1528588799999,23425391.98000990,40208,19934.76281000,12016285.17760160,0
2018-06-11 07:59:59.999,1528588800000,592.44000000,592.87000000,501.13000000,524.11000000,190350.58429000,1528675199999,103749727.24061780,145196,93837.46324000,51219191.49688230,0
2018-06-12 07:59:59.999,1528675200000,524.64000000,535.51000000,508.66000000,531.69000000,145813.07819000,1528761599999,76462994.86970180,117598,77140.98055000,40457311.09188900,0
2018-06-13 07:59:59.999,1528761600000,531.08000000,538.88000000,482.00000000,493.00000000,158223.14812000,1528847999999,81341580.82326960,121424,81506.65862000,41980494.28144510,0
2018-06-14 07:59:59.999,1528848000000,493.00000000,501.97000000,449.06000000,475.47000000,181842.19417000,1528934399999,86416386.63089360,134718,89431.85711000,42524293.00624590,0
2018-06-15 07:59:59.999,1528934400000,475.47000000,529.00000000,460.00000000,519.29000000,206093.07330000,1529020799999,102374389.99844290,156597,102710.51082000,50995462.21951220,0
2018-06-16 07:59:59.999,1529020800000,519.30000000,521.00000000,481.62000000,487.48000000,160532.53607000,1529107199999,80145974.85163280,122246,84537.20797000,42225020.20671690,0
2018-06-17 07:59:59.999,1529107200000,487.47000000,503.28000000,483.72000000,496.74000000,131095.45173000,1529193599999,64919187.05467420,96076,76269.81785000,37784360.16951100,0
2018-06-18 07:59:59.999,1529193600000,496.45000000,507.60000000,492.70000000,497.14000000,117316.93221000,1529279999999,58745118.71440180,92111,67766.32893000,33934667.22328460,0
2018-06-19 07:59:59.999,1529280000000,497.15000000,524.48000000,487.27000000,517.95000000,143826.68272000,1529366399999,72402471.35087380,119818,82746.72120000,41657563.35967150,0
2018-06-20 07:59:59.999,1529366400000,517.77000000,548.20000000,510.01000000,537.97000000,148148.38064000,1529452799999,78382588.53598990,130777,81412.28126000,43070607.63199130,0
2018-06-21 07:59:59.999,1529452800000,537.68000000,542.02000000,515.08000000,536.49000000,123892.04240000,1529539199999,65285793.65462760,99322,64181.93764000,33814887.60684230,0
2018-06-22 07:59:59.999,1529539200000,536.34000000,544.98000000,521.11000000,526.18000000,79862.90544000,1529625599999,42586318.49971900,77470,37743.66385000,20155119.41846380,0
2018-06-23 07:59:59.999,1529625600000,526.32000000,526.44000000,450.00000000,462.09000000,212659.53437000,1529711999999,102306774.81751460,166517,96751.89677000,46556980.23866040,0
2018-06-24 07:59:59.999,1529712000000,462.40000000,481.00000000,455.00000000,473.41000000,94465.26834000,1529798399999,44316379.46527180,85397,46591.24954000,21868421.36498030,0
2018-06-25 07:59:59.999,1529798400000,473.40000000,475.81000000,419.53000000,454.41000000,198264.10079000,1529884799999,88505534.65578150,152764,96864.99156000,43192475.36626380,0
2018-06-26 07:59:59.999,1529884800000,454.29000000,474.47000000,444.37000000,458.70000000,122942.11650000,1529971199999,56436062.44757660,113720,61114.96078000,28055559.38288140,0
2018-06-27 07:59:59.999,1529971200000,459.04000000,460.81000000,429.00000000,429.34000000,84003.09976000,1530057599999,37307967.11219800,64251,45306.56025000,20120626.75684870,0
2018-06-28 07:59:59.999,1530057600000,429.81000000,445.95000000,420.19000000,441.64000000,99156.36437000,1530143999999,42947280.71643460,73853,51876.04316000,22485963.87603240,0
2018-06-29 07:59:59.999,1530144000000,441.36000000,443.96000000,416.45000000,420.22000000,112309.56714000,1530230399999,48557224.76561240,120860,57541.85073000,24897298.10953150,0
2018-06-30 07:59:59.999,1530230400000,420.48000000,442.00000000,404.48000000,434.77000000,159495.30942000,1530316799999,66573394.28228510,114615,83281.89126000,34768163.98523170,0
2018-07-01 07:59:59.999,1530316800000,434.77000000,463.15000000,434.51000000,454.09000000,157169.20242000,1530403199999,70748384.85444280,105384,84447.23839000,38033789.76646680,0
2018-07-02 07:59:59.999,1530403200000,454.20000000,457.77000000,443.73000000,452.10000000,111226.62846000,1530489599999,50173671.42015970,78500,58019.06401000,26169646.60723400,0
2018-07-03 07:59:59.999,1530489600000,452.14000000,481.83000000,444.16000000,476.25000000,182585.11018000,1530575999999,84408714.71167760,135295,103107.08134000,47585181.31463040,0
2018-07-04 07:59:59.999,1530576000000,476.32000000,486.98000000,457.00000000,461.82000000,186954.55478000,1530662399999,88130206.04725610,139942,100598.37695000,47425966.69805430,0
2018-07-05 07:59:59.999,1530662400000,461.78000000,482.70000000,458.02000000,467.38000000,101886.20199000,1530748799999,48042056.08160800,81396,56616.48256000,26709736.96281030,0
2018-07-06 07:59:59.999,1530748800000,467.19000000,480.00000000,458.80000000,467.87000000,125806.00830000,1530835199999,59119270.51983000,113667,68023.88405000,31983980.12235000,0
2018-07-07 07:59:59.999,1530835200000,467.79000000,476.00000000,451.29000000,470.47000000,100428.64802000,1530921599999,46633547.16907950,94081,50022.13364000,23236164.83678210,0
2018-07-08 07:59:59.999,1530921600000,470.48000000,487.99000000,461.50000000,485.57000000,83629.95382000,1531007999999,39311721.86036250,75732,44789.14274000,21045022.55366930,0
2018-07-09 07:59:59.999,1531008000000,485.57000000,495.98000000,482.05000000,486.77000000,144703.13626000,1531094399999,70523945.98891190,104195,72900.66177000,35521670.84292980,0
2018-07-10 07:59:59.999,1531094400000,486.55000000,488.98000000,468.20000000,471.71000000,89532.14109000,1531180799999,42954426.83830440,75974,42046.28842000,20161141.60239640,0
2018-07-11 07:59:59.999,1531180800000,471.73000000,473.23000000,427.69000000,432.48000000,173640.97620000,1531267199999,77742521.13094950,121085,86136.91190000,38596149.00791720,0
2018-07-12 07:59:59.999,1531267200000,432.55000000,452.69000000,424.20000000,444.99000000,159022.59726000,1531353599999,69570597.66509430,112252,85990.23185000,37626468.19220380,0
2018-07-13 07:59:59.999,1531353600000,444.99000000,445.36000000,416.94000000,431.14000000,181877.07924000,1531439999999,78631113.02919770,111503,101290.82828000,43799024.45252790,0
2018-07-14 07:59:59.999,1531440000000,431.14000000,442.47000000,424.62000000,432.46000000,150320.32532000,1531526399999,65466673.80491960,99117,81371.87673000,35442637.90631020,0
2018-07-15 07:59:59.999,1531526400000,432.43000000,440.00000000,428.26000000,433.19000000,122253.69397000,1531612799999,53029892.40318110,79509,72906.83361000,31627671.97026280,0
2018-07-16 07:59:59.999,1531612800000,433.20000000,455.00000000,430.52000000,449.78000000,140415.27048000,1531699199999,62248916.05994890,78257,83636.14838000,37050781.76523650,0
2018-07-17 07:59:59.999,1531699200000,449.79000000,480.57000000,444.03000000,478.49000000,172440.71343000,1531785599999,80398354.46332060,116672,99228.45035000,46259198.09739170,0
2018-07-18 07:59:59.999,1531785600000,478.49000000,512.00000000,465.29000000,498.76000000,215318.06761000,1531871999999,104290230.16178820,144066,118908.05146000,57519967.57733730,0
2018-07-19 07:59:59.999,1531872000000,498.89000000,515.47000000,468.01000000,479.41000000,236137.80710000,1531958399999,116671540.51528840,173309,122445.16627000,60554380.19839700,0
2018-07-20 07:59:59.999,1531958400000,479.40000000,484.15000000,462.57000000,468.57000000,171308.06705000,1532044799999,81153216.49101450,121771,97244.90030000,46084638.39383530,0
2018-07-21 07:59:59.999,1532044800000,468.70000000,471.02000000,440.00000000,449.04000000,160873.38244000,1532131199999,73878492.44252780,123785,81057.29032000,37275783.68507770,0
2018-07-22 07:59:59.999,1532131200000,449.04000000,468.97000000,441.18000000,460.23000000,74259.64067000,1532217599999,34051603.36042300,66636,37303.33186000,17121844.75641110,0
2018-07-23 07:59:59.999,1532217600000,460.23000000,472.20000000,454.19000000,457.47000000,60684.89595000,1532303999999,28129475.21383080,53867,28621.80676000,13284492.47408280,0
2018-07-24 07:59:59.999,1532304000000,457.47000000,469.82000000,447.11000000,450.05000000,106561.46081000,1532390399999,49054903.28138910,86295,51980.77017000,23937332.08969020,0
2018-07-25 07:59:59.999,1532390400000,450.05000000,484.27000000,448.47000000,479.28000000,158286.75900000,1532476799999,74269738.41783400,112642,76360.60296000,35882686.71978130,0
2018-07-26 07:59:59.999,1532476800000,479.24000000,485.77000000,464.00000000,472.10000000,170475.54936000,1532563199999,80868121.11250760,118086,94194.88985000,44696542.63729050,0
2018-07-27 07:59:59.999,1532563200000,472.11000000,485.00000000,460.00000000,462.64000000,173976.21920000,1532649599999,82819272.57300700,107846,95773.24069000,45626553.01159210,0
2018-07-28 07:59:59.999,1532649600000,462.17000000,474.00000000,455.84000000,470.09000000,198304.79211000,1532735999999,92234746.45676790,108861,113018.96187000,52575063.67718010,0
2018-07-29 07:59:59.999,1532736000000,470.09000000,472.00000000,460.82000000,469.29000000,156862.59361000,1532822399999,73310723.77667840,81561,89123.41730000,41662718.77977410,0
2018-07-30 07:59:59.999,1532822400000,468.44000000,472.00000000,461.60000000,466.40000000,138747.56334000,1532908799999,64627164.92265950,79843,84060.13513000,39153536.92298920,0
2018-07-31 07:59:59.999,1532908800000,466.40000000,469.79000000,446.10000000,456.23000000,179581.79415000,1532995199999,82428123.80692930,103093,102539.77663000,47101227.29554600,0
2018-08-01 07:59:59.999,1532995200000,456.19000000,457.30000000,427.00000000,432.22000000,214913.57229000,1533081599999,94399725.75134350,117935,118282.94441000,51983444.12760760,0
2018-08-02 07:59:59.999,1533081600000,432.20000000,434.99000000,406.55000000,420.41000000,209570.08440000,1533167999999,88066594.00855250,122508,115837.44289000,48707330.00433190,0
2018-08-03 07:59:59.999,1533168000000,420.37000000,425.52000000,407.43000000,410.62000000,178421.10672000,1533254399999,74102793.62542670,103504,105752.67959000,43924828.97270880,0
2018-08-04 07:59:59.999,1533254400000,410.62000000,420.01000000,396.61000000,417.52000000,201156.61154000,1533340799999,82442762.71249700,122785,114911.02628000,47076755.61890580,0
2018-08-05 07:59:59.999,1533340800000,417.58000000,419.53000000,401.86000000,407.21000000,179498.57515000,1533427199999,73796154.80386840,102597,96430.98330000,39664944.54014030,0
2018-08-06 07:59:59.999,1533427200000,407.21000000,413.24000000,400.16000000,408.79000000,158913.77206000,1533513599999,64593904.83629980,78475,91537.60835000,37214420.73518310,0
2018-08-07 07:59:59.999,1533513600000,408.77000000,413.28000000,397.08000000,405.28000000,166496.42465000,1533599999999,67757484.94464980,98135,97590.22740000,39706844.48469720,0
2018-08-08 07:59:59.999,1533600000000,405.19000000,412.76000000,369.19000000,378.21000000,207706.11078000,1533686399999,83083795.04582170,123346,113801.12912000,45652241.94511330,0
2018-08-09 07:59:59.999,1533686400000,378.20000000,380.42000000,347.25000000,355.48000000,275047.10788000,1533772799999,100391980.19489900,170291,144570.45535000,52782619.65080610,0
2018-08-10 07:59:59.999,1533772800000,355.48000000,369.90000000,350.51000000,363.30000000,244268.20567000,1533859199999,88131409.53954460,137786,145454.80592000,52502002.37755500,0
2018-08-11 07:59:59.999,1533859200000,363.21000000,365.87000000,325.95000000,331.81000000,264274.13378000,1533945599999,93178451.14029400,165093,153430.86397000,54052552.89872920,0
2018-08-12 07:59:59.999,1533945600000,331.88000000,332.98000000,304.45000000,317.69000000,335634.67243000,1534031999999,106734997.23208700,167715,190429.83797000,60544879.17446210,0
2018-08-13 07:59:59.999,1534032000000,317.49000000,327.13000000,313.42000000,317.89000000,135524.79994000,1534118399999,43466733.74595540,77747,72044.60895000,23107632.44890000,0
2018-08-14 07:59:59.999,1534118400000,317.96000000,321.99000000,280.68000000,283.81000000,307713.22214000,1534204799999,94158006.48894560,141534,170319.23908000,52333358.83218000,0
2018-08-15 07:59:59.999,1534204800000,283.81000000,283.81000000,250.00000000,278.41000000,485174.37541000,1534291199999,127753385.00917960,221194,256386.28026000,67516169.19203640,0
2018-08-16 07:59:59.999,1534291200000,278.47000000,304.45000000,276.30000000,281.12000000,438620.64156000,1534377599999,126037140.72604480,198830,237497.51747000,68234542.58216470,0
2018-08-17 07:59:59.999,1534377600000,281.46000000,298.60000000,277.55000000,287.17000000,235665.25510000,1534463999999,67837020.50663960,116200,128676.26081000,37029577.04272600,0
2018-08-18 07:59:59.999,1534464000000,286.84000000,318.00000000,285.00000000,317.51000000,342556.46068000,1534550399999,103050444.61959690,169216,198067.38404000,59602541.76952850,0
2018-08-19 07:59:59.999,1534550400000,317.51000000,321.33000000,281.79000000,294.11000000,384021.38829000,1534636799999,115559326.57019960,170896,220483.98287000,66361105.46472390,0
2018-08-20 07:59:59.999,1534636800000,294.10000000,307.40000000,288.20000000,299.42000000,288483.44841000,1534723199999,85661942.28847030,118166,162261.59844000,48158028.46659810,0
2018-08-21 07:59:59.999,1534723200000,299.30000000,304.04000000,269.50000000,270.51000000,219153.78936000,1534809599999,63253937.41948380,122863,107455.93470000,31132322.55606230,0
2018-08-22 07:59:59.999,1534809600000,270.51000000,285.90000000,269.70000000,281.21000000,224701.57671000,1534895999999,62384768.40798150,113749,126787.10956000,35205159.75673650,0
2018-08-23 07:59:59.999,1534896000000,281.09000000,298.89000000,259.50000000,270.80000000,403936.78303000,1534982399999,113458567.79312970,177686,218966.93214000,61495354.87043310,0
2018-08-24 07:59:59.999,1534982400000,270.68000000,280.30000000,267.55000000,275.99000000,277304.60909000,1535068799999,75819913.19992670,127845,158898.27378000,43439514.33562730,0
2018-08-25 07:59:59.999,1535068800000,276.06000000,283.10000000,270.22000000,281.19000000,271850.21373000,1535155199999,75029435.42828710,124399,158416.07588000,43723431.17381480,0
2018-08-26 07:59:59.999,1535155200000,281.05000000,282.71000000,275.99000000,277.55000000,253375.49477000,1535241599999,70728357.00548380,107965,157791.24933000,44045098.25481810,0
2018-08-27 07:59:59.999,1535241600000,277.54000000,277.91000000,268.69000000,274.29000000,232525.94970000,1535327999999,63548492.83810710,113465,133025.57261000,36355269.29288880,0
2018-08-28 07:59:59.999,1535328000000,274.17000000,288.15000000,271.59000000,287.71000000,281020.64727000,1535414399999,77863316.00427580,134261,156547.23734000,43366757.01954320,0
2018-08-29 07:59:59.999,1535414400000,287.71000000,298.00000000,282.66000000,295.44000000,318323.28971000,1535500799999,91895213.46380330,171500,173036.52810000,49975850.25072230,0
2018-08-30 07:59:59.999,1535500800000,295.44000000,297.00000000,283.55000000,288.40000000,324275.47324000,1535587199999,94515756.41588040,141609,182459.57660000,53177630.47089970,0
2018-08-31 07:59:59.999,1535587200000,288.35000000,291.00000000,271.88000000,283.89000000,336993.14413000,1535673599999,94748097.37493510,149454,191694.71097000,53916118.42218840,0
2018-09-01 07:59:59.999,1535673600000,283.90000000,289.00000000,276.59000000,281.41000000,302663.37038000,1535759999999,84967488.71086210,124162,187469.06740000,52639757.47930670,0
2018-09-02 07:59:59.999,1535760000000,281.46000000,302.00000000,281.34000000,295.71000000,294944.44010000,1535846399999,86146416.36807980,134032,163908.01119000,47889088.94576490,0
2018-09-03 07:59:59.999,1535846400000,295.80000000,299.33000000,288.87000000,295.41000000,153300.06112000,1535932799999,45141040.56271570,76484,71133.02958000,20958375.73255140,0
2018-09-04 07:59:59.999,1535932800000,295.51000000,296.62000000,285.99000000,289.09000000,274753.70062000,1536019199999,79640131.70631100,115284,152262.97792000,44128911.76269150,0
2018-09-05 07:59:59.999,1536019200000,289.09000000,292.64000000,283.00000000,285.30000000,330102.19000000,1536105599999,94920949.99211530,128936,193173.09686000,55562351.75121160,0
2018-09-06 07:59:59.999,1536105600000,285.18000000,287.62000000,227.00000000,228.53000000,528734.31960000,1536191999999,136620123.95912970,218243,286451.21575000,74193953.75973460,0
2018-09-07 07:59:59.999,1536192000000,228.28000000,233.19000000,212.00000000,229.70000000,552996.86567000,1536278399999,124860778.37712370,241166,297294.35122000,67167268.30253020,0
2018-09-08 07:59:59.999,1536278400000,229.73000000,234.69000000,213.50000000,215.22000000,398379.81741000,1536364799999,88670418.82386840,162430,220763.87778000,49173358.26253810,0
2018-09-09 07:59:59.999,1536364800000,215.19000000,220.20000000,190.01000000,196.71000000,318859.84904000,1536451199999,65385376.78938820,111890,151369.34224000,31021414.44579680,0
2018-09-10 07:59:59.999,1536451200000,196.87000000,208.60000000,185.02000000,195.81000000,429255.02592000,1536537599999,84861381.28329790,144803,222485.70012000,44017260.94132890,0
2018-09-11 07:59:59.999,1536537600000,196.13000000,203.42000000,187.10000000,197.15000000,418489.86663000,1536623999999,81950595.01648790,146713,231386.57310000,45315478.62622280,0
2018-09-12 07:59:59.999,1536624000000,197.22000000,200.20000000,176.16000000,185.18000000,476745.79216000,1536710399999,89920137.19657440,163958,251458.10305000,47417179.05277070,0
2018-09-13 07:59:59.999,1536710400000,185.14000000,185.22000000,167.32000000,183.12000000,504047.79165000,1536796799999,88384821.01117540,150831,235314.87315000,41294683.19045310,0
2018-09-14 07:59:59.999,1536796800000,183.17000000,215.00000000,183.15000000,210.68000000,739503.34051000,1536883199999,147281547.16689090,222128,389380.40825000,77533207.49381860,0
2018-09-15 07:59:59.999,1536883200000,210.91000000,224.20000000,202.60000000,208.82000000,833945.82573000,1536969599999,177613712.10354910,249947,431817.33588000,91986680.23695270,0
2018-09-16 07:59:59.999,1536969600000,208.55000000,227.42000000,207.64000000,221.29000000,441046.52933000,1537055999999,96594593.56033220,125321,227148.73590000,49673640.96818580,0
2018-09-17 07:59:59.999,1537056000000,221.62000000,223.50000000,208.10000000,220.17000000,425538.57709000,1537142399999,92372399.95532080,130886,219213.18560000,47631554.25553750,0
2018-09-18 07:59:59.999,1537142400000,220.24000000,225.00000000,192.40000000,196.16000000,825020.77445000,1537228799999,173019109.87349840,224178,407677.72108000,85546654.95376620,0
2018-09-19 07:59:59.999,1537228800000,196.25000000,215.47000000,193.47000000,208.17000000,584366.15014000,1537315199999,118777847.57446470,167048,324327.01972000,65775718.59477810,0
2018-09-20 07:59:59.999,1537315200000,208.42000000,214.84000000,197.58000000,209.79000000,496100.46639000,1537401599999,103133667.41051730,128769,245353.13395000,51067306.10476860,0
2018-09-21 07:59:59.999,1537401600000,209.79000000,226.68000000,205.56000000,224.00000000,573632.24236000,1537487999999,121706784.81740970,172813,315415.04964000,66968377.48168580,0
2018-09-22 07:59:59.999,1537488000000,224.00000000,252.11000000,220.66000000,247.73000000,841029.12948000,1537574399999,195225669.82388660,257566,430108.24564000,99869857.85256860,0
2018-09-23 07:59:59.999,1537574400000,247.67000000,255.13000000,232.70000000,241.01000000,423740.74030000,1537660799999,102510891.93455690,127522,211238.15259000,51125089.99511710,0
2018-09-24 07:59:59.999,1537660800000,241.01000000,249.73000000,237.00000000,244.50000000,235214.14917000,1537747199999,57084614.92800210,86877,108787.74422000,26402498.39519890,0
2018-09-25 07:59:59.999,1537747200000,244.54000000,246.20000000,225.30000000,228.06000000,350139.15050000,1537833599999,82504630.51764780,122214,164879.83597000,38890986.39654500,0
2018-09-26 07:59:59.999,1537833600000,228.06000000,228.10000000,203.61000000,219.62000000,710650.70970000,1537919999999,151991600.88208400,241874,390268.09596000,83412079.81164120,0
2018-09-27 07:59:59.999,1537920000000,219.50000000,223.60000000,207.50000000,214.42000000,613754.27743000,1538006399999,132187818.90105360,200388,339911.10483000,73246259.53953830,0
2018-09-28 07:59:59.999,1538006400000,214.38000000,234.00000000,205.01000000,229.13000000,582274.44087000,1538092799999,128104933.39323390,185910,317608.07827000,69905489.05421960,0
2018-09-29 07:59:59.999,1538092800000,229.10000000,234.42000000,215.53000000,221.84000000,618434.62488000,1538179199999,139637602.09812200,196556,330847.15286000,74724013.93684560,0
2018-09-30 07:59:59.999,1538179200000,221.89000000,237.77000000,214.18000000,231.62000000,604000.95586000,1538265599999,137238908.37637110,193800,337563.48201000,76754299.34783340,0
2018-10-01 07:59:59.999,1538265600000,231.62000000,239.00000000,226.50000000,232.94000000,432195.44084000,1538351999999,100778882.03079220,164400,235766.76855000,54968264.41030460,0
2018-10-02 07:59:59.999,1538352000000,233.04000000,235.88000000,224.46000000,231.61000000,322900.46128000,1538438399999,74363466.52099590,120621,176182.83061000,40588418.39909030,0
2018-10-03 07:59:59.999,1538438400000,231.62000000,232.51000000,223.37000000,225.69000000,401305.32707000,1538524799999,91706335.33823730,148279,228211.16079000,52173648.38398320,0
2018-10-04 07:59:59.999,1538524800000,225.70000000,226.43000000,216.51000000,220.77000000,275609.26221000,1538611199999,60784387.69608890,112473,141132.70437000,31150810.80888480,0
2018-10-05 07:59:59.999,1538611200000,220.67000000,227.16000000,219.49000000,222.66000000,158137.42967000,1538697599999,35468959.25835700,64786,77296.74943000,17346309.40179260,0
2018-10-06 07:59:59.999,1538697600000,222.66000000,231.75000000,219.35000000,228.37000000,137730.35786000,1538783999999,30900558.88443500,54454,74414.80402000,16710304.53931000,0
2018-10-07 07:59:59.999,1538784000000,228.36000000,228.86000000,223.15000000,225.40000000,100257.56970000,1538870399999,22656352.81663080,35875,48633.62556000,10989400.98779490,0
2018-10-08 07:59:59.999,1538870400000,225.39000000,227.75000000,221.48000000,226.14000000,74733.67253000,1538956799999,16774573.68800580,29693,40087.21912000,9003359.20953720,0
2018-10-09 07:59:59.999,1538956800000,226.26000000,232.70000000,224.21000000,230.01000000,210989.42202000,1539043199999,48017160.06308450,77786,106890.41908000,24317004.14568940,0
2018-10-10 07:59:59.999,1539043200000,230.01000000,231.02000000,226.56000000,228.40000000,100246.18430000,1539129599999,22933859.79064380,42266,52442.48288000,11998665.98409110,0
2018-10-11 07:59:59.999,1539129600000,228.40000000,228.78000000,224.05000000,226.74000000,122748.21412000,1539215999999,27773272.15744840,54578,58207.63913000,13172368.83296020,0
2018-10-12 07:59:59.999,1539216000000,226.70000000,226.91000000,189.01000000,191.58000000,497258.82871000,1539302399999,101069066.82726070,189200,230886.01677000,46838920.44663780,0
2018-10-13 07:59:59.999,1539302400000,191.55000000,201.87000000,190.04000000,196.96000000,216448.39220000,1539388799999,42627353.07646740,90790,112428.96387000,22135676.61731480,0
2018-10-14 07:59:59.999,1539388800000,196.96000000,202.78000000,196.27000000,201.30000000,107215.52620000,1539475199999,21498264.31139700,45954,57258.85173000,11483885.95484300,0
2018-10-15 07:59:59.999,1539475200000,201.39000000,203.56000000,194.33000000,197.01000000,110554.19361000,1539561599999,22180535.06883990,37339,53844.86520000,10808020.25616980,0
2018-10-16 07:59:59.999,1539561600000,196.84000000,239.00000000,194.60000000,214.39000000,973857.74770000,1539647999999,212166629.59507260,298845,523552.38281000,113908636.25042370,0
2018-10-17 07:59:59.999,1539648000000,214.39000000,219.95000000,211.55000000,215.09000000,145980.09837000,1539734399999,31315676.32296060,83944,72612.23417000,15580751.58457780,0
2018-10-18 07:59:59.999,1539734400000,215.20000000,216.99000000,210.00000000,212.85000000,153768.85024000,1539820799999,32834161.51601670,75663,78491.75799000,16760539.16908680,0
2018-10-19 07:59:59.999,1539820800000,212.90000000,215.30000000,203.53000000,206.24000000,150229.60097000,1539907199999,31567845.71809020,85942,69532.65452000,14630283.78096430,0
2018-10-20 07:59:59.999,1539907200000,206.25000000,208.00000000,204.21000000,205.00000000,254660.48637000,1539993599999,52458006.51466880,84457,151057.44570000,31110941.14044030,0
2018-10-21 07:59:59.999,1539993600000,205.10000000,209.69000000,203.57000000,207.91000000,62376.69680000,1540079999999,12936322.34319640,34666,31465.35969000,6527701.49962000,0
2018-10-22 07:59:59.999,1540080000000,207.91000000,211.99000000,206.74000000,207.49000000,83277.36128000,1540166399999,17462109.68999690,40862,41453.18493000,8696868.90764970,0
2018-10-23 07:59:59.999,1540166400000,207.46000000,209.30000000,205.00000000,206.67000000,206046.89963000,1540252799999,42711588.92382880,72089,119499.29899000,24772969.47036420,0
2018-10-24 07:59:59.999,1540252800000,206.67000000,207.80000000,202.14000000,205.85000000,112753.04140000,1540339199999,23146110.00400410,50937,59084.69973000,12132187.62626190,0
2018-10-25 07:59:59.999,1540339200000,205.85000000,207.95000000,204.73000000,205.35000000,97128.82698000,1540425599999,20049428.20462690,47453,50652.00247000,10458929.82398560,0
2018-10-26 07:59:59.999,1540425600000,205.35000000,205.94000000,202.88000000,203.93000000,77411.57217000,1540511999999,15820355.20480380,37923,38493.07311000,7868721.03717570,0
2018-10-27 07:59:59.999,1540512000000,203.84000000,209.00000000,203.00000000,204.92000000,91143.83291000,1540598399999,18707018.78400620,49864,48380.29105000,9927951.16727730,0
2018-10-28 07:59:59.999,1540598400000,204.92000000,206.15000000,203.09000000,204.45000000,50235.68329000,1540684799999,10280846.41454380,52419,25242.25884000,5166879.06103610,0
2018-10-29 07:59:59.999,1540684800000,204.45000000,205.94000000,203.62000000,204.99000000,44394.83357000,1540771199999,9084565.91575480,37134,22645.86435000,4634716.07430840,0
2018-10-30 07:59:59.999,1540771200000,204.99000000,205.49000000,195.28000000,196.96000000,118281.82272000,1540857599999,23671711.39375940,70893,59069.05972000,11818869.63774720,0
2018-10-31 07:59:59.999,1540857600000,196.95000000,198.60000000,195.91000000,197.27000000,83633.81463000,1540943999999,16501372.86331760,56433,45584.27013000,8993924.18017700,0
2018-11-01 07:59:59.999,1540944000000,197.24000000,201.45000000,193.01000000,198.73000000,114739.70424000,1541030399999,22632315.26025980,68261,58800.95652000,11598482.10531360,0
2018-11-02 07:59:59.999,1541030400000,198.70000000,200.95000000,197.88000000,199.96000000,86097.98629000,1541116799999,17116621.53518450,53873,43875.99353000,8723326.29268980,0
2018-11-03 07:59:59.999,1541116800000,199.93000000,203.74000000,199.34000000,202.35000000,97123.22813000,1541203199999,19559214.41922490,61401,51072.05675000,10286643.96388760,0
2018-11-04 07:59:59.999,1541203200000,202.31000000,202.69000000,198.59000000,200.31000000,72084.92932000,1541289599999,14456528.37756080,46801,37513.43651000,7523960.01069030,0
2018-11-05 07:59:59.999,1541289600000,200.27000000,218.76000000,199.00000000,212.11000000,182534.62160000,1541375999999,37959621.56827300,112393,88110.04676000,18285802.32024480,0
2018-11-06 07:59:59.999,1541376000000,212.13000000,213.39000000,207.62000000,210.66000000,141432.14060000,1541462399999,29714567.41063420,81531,68965.02718000,14490421.23884390,0
2018-11-07 07:59:59.999,1541462400000,210.64000000,221.25000000,209.11000000,220.74000000,197797.49527000,1541548799999,42534535.86399380,110906,102842.82059000,22122844.87869030,0
2018-11-08 07:59:59.999,1541548800000,220.77000000,224.80000000,217.01000000,219.07000000,204931.03420000,1541635199999,45252424.08522850,105883,105369.57327000,23268295.24452770,0
2018-11-09 07:59:59.999,1541635200000,219.06000000,220.78000000,212.49000000,212.79000000,189828.49450000,1541721599999,40931506.14842200,93113,92343.52623000,19912380.18287460,0
2018-11-10 07:59:59.999,1541721600000,212.79000000,215.51000000,209.10000000,210.77000000,152215.94686000,1541807999999,32309082.19758870,72814,77629.77249000,16481981.72638100,0
2018-11-11 07:59:59.999,1541808000000,210.78000000,215.55000000,209.02000000,213.25000000,131384.47893000,1541894399999,28019225.01008270,66005,66492.43466000,14185761.80357030,0
2018-11-12 07:59:59.999,1541894400000,213.27000000,213.99000000,209.00000000,212.54000000,136268.81156000,1541980799999,28875079.88494740,66072,75709.01023000,16042851.24214990,0
2018-11-13 07:59:59.999,1541980800000,212.60000000,214.22000000,210.90000000,212.89000000,99963.97203000,1542067199999,21271725.18458190,52826,56179.71278000,11952859.05119620,0
2018-11-14 07:59:59.999,1542067200000,212.91000000,213.80000000,209.20000000,209.84000000,114466.36708000,1542153599999,24176049.60623050,65826,58200.67321000,12297089.22937620,0
2018-11-15 07:59:59.999,1542153600000,209.84000000,210.30000000,176.16000000,187.43000000,434676.16832000,1542239999999,82531353.97666220,187653,201248.23817000,38153679.63308410,0
2018-11-16 07:59:59.999,1542240000000,187.43000000,190.00000000,170.99000000,184.35000000,452416.10784000,1542326399999,81674273.88577710,212442,223248.21322000,40339789.07470610,0
2018-11-17 07:59:59.999,1542326400000,184.35000000,185.00000000,173.00000000,176.89000000,241710.34763000,1542412799999,43450649.94837800,120635,125640.29040000,22598994.40447790,0
2018-11-18 07:59:59.999,1542412800000,176.93000000,177.91000000,173.94000000,176.20000000,144804.70986000,1542499199999,25452515.63649880,77570,76336.23170000,13420116.02964570,0
2018-11-19 07:59:59.999,1542499200000,176.20000000,182.94000000,176.10000000,178.97000000,141736.32263000,1542585599999,25261184.09280330,68702,70761.12569000,12614641.43990480,0
2018-11-20 07:59:59.999,1542585600000,179.04000000,179.33000000,146.47000000,150.81000000,596789.83916000,1542671999999,94639227.03137130,224184,299681.11547000,47536676.76593290,0
2018-11-21 07:59:59.999,1542672000000,150.76000000,154.70000000,126.95000000,133.82000000,996552.28721000,1542758399999,139191208.45509280,357568,474492.98015000,66370500.54583920,0
2018-11-22 07:59:59.999,1542758400000,133.68000000,142.01000000,127.15000000,138.23000000,718957.78552000,1542844799999,97819681.49053970,246564,352855.41036000,47980901.20280230,0
2018-11-23 07:59:59.999,1542844800000,138.36000000,140.40000000,125.64000000,126.63000000,334674.07185000,1542931199999,44837388.45127140,117670,163681.62460000,21961275.70649040,0
2018-11-24 07:59:59.999,1542931200000,126.58000000,128.90000000,118.56000000,125.02000000,504352.24386000,1543017599999,62657024.04869370,166040,251961.06141000,31321124.88731250,0
2018-11-25 07:59:59.999,1543017600000,125.00000000,130.81000000,112.32000000,114.89000000,471321.56764000,1543103999999,57264800.06658080,153585,234287.59828000,28530546.44903660,0
2018-11-26 07:59:59.999,1543104000000,114.83000000,122.35000000,102.95000000,118.67000000,836233.31252000,1543190399999,93723314.12344660,264902,431382.20248000,48359160.07911460,0
2018-11-27 07:59:59.999,1543190400000,118.65000000,121.50000000,106.41000000,110.68000000,679491.73871000,1543276799999,77211447.31765390,224345,347682.56537000,39523318.11198740,0
2018-11-28 07:59:59.999,1543276800000,110.66000000,114.31000000,102.36000000,111.43000000,524024.40616000,1543363199999,56638056.00911720,179214,269149.99554000,29109359.25630580,0
2018-11-29 07:59:59.999,1543363200000,111.38000000,126.80000000,111.37000000,122.90000000,578552.74124000,1543449599999,68485222.44341630,195923,293313.44643000,34730406.64276100,0
2018-11-30 07:59:59.999,1543449600000,122.88000000,124.00000000,114.78000000,117.98000000,478777.39614000,1543535999999,57140533.57326480,180848,245948.78826000,29354053.08270710,0
2018-12-01 07:59:59.999,1543536000000,117.99000000,120.26000000,111.09000000,113.73000000,418593.63529000,1543622399999,48362085.78184220,153866,211057.08821000,24378341.39237240,0
2018-12-02 07:59:59.999,1543622400000,113.71000000,120.80000000,111.35000000,118.10000000,330159.06742000,1543708799999,38614493.62645990,122161,171713.25495000,20091644.94406920,0
2018-12-03 07:59:59.999,1543708800000,118.09000000,120.73000000,116.00000000,116.57000000,273657.62150000,1543795199999,32184013.76013480,102151,145750.16201000,17149582.83845340,0
2018-12-04 07:59:59.999,1543795200000,116.63000000,116.96000000,106.70000000,108.76000000,324446.03324000,1543881599999,36185196.19488890,115448,162115.32188000,18070730.29205670,0
2018-12-05 07:59:59.999,1543881600000,108.76000000,113.20000000,106.00000000,109.94000000,275321.00630000,1543967999999,30365546.75213670,111872,137238.32415000,15151241.28252630,0
2018-12-06 07:59:59.999,1543968000000,109.92000000,110.58000000,102.38000000,102.71000000,354071.53241000,1544054399999,37519336.07183170,111602,157870.88819000,16746705.98583070,0
2018-12-07 07:59:59.999,1544054400000,102.73000000,104.68000000,90.20000000,91.00000000,586138.59043000,1544140799999,58114721.75106340,188007,276836.87889000,27453203.27947790,0
2018-12-08 07:59:59.999,1544140800000,91.18000000,96.90000000,82.07000000,93.05000000,1030073.58467000,1544227199999,90499447.33784200,307599,512506.96835000,45045165.33900280,0
2018-12-09 07:59:59.999,1544227200000,93.06000000,98.00000000,84.55000000,90.38000000,698217.12529000,1544313599999,63224518.54738930,228982,357487.07890000,32388503.04913500,0
2018-12-10 07:59:59.999,1544313600000,90.39000000,98.70000000,88.63000000,93.26000000,520519.36023000,1544399999999,48533111.85201080,158700,269537.22219000,25120190.99500730,0
2018-12-11 07:59:59.999,1544400000000,93.26000000,95.21000000,88.11000000,89.91000000,408573.02929000,1544486399999,37180525.45731090,119278,203916.35229000,18552000.12341420,0
2018-12-12 07:59:59.999,1544486400000,89.88000000,91.65000000,85.83000000,87.76000000,339991.84246000,1544572799999,30055007.21960900,104079,176249.02302000,15587578.16906100,0
2018-12-13 07:59:59.999,1544572800000,87.77000000,91.31000000,86.63000000,89.41000000,285436.04029000,1544659199999,25500398.92865360,86407,140538.70620000,12555016.95659360,0
2018-12-14 07:59:59.999,1544659200000,89.39000000,90.71000000,84.71000000,86.34000000,331218.30083000,1544745599999,29089359.83130120,94842,165833.73289000,14570456.25234860,0
2018-12-15 07:59:59.999,1544745600000,86.35000000,87.25000000,82.20000000,83.82000000,318003.73427000,1544831999999,27041687.80010720,102917,163056.11732000,13866423.31554280,0
2018-12-16 07:59:59.999,1544832000000,83.82000000,85.00000000,81.79000000,83.76000000,217360.65775000,1544918399999,18169124.00023020,83696,112417.15502000,9399655.75292960,0
2018-12-17 07:59:59.999,1544918400000,83.75000000,87.64000000,83.73000000,84.67000000,241366.76305000,1545004799999,20783723.69307070,78098,122970.75808000,10586916.04499740,0
2018-12-18 07:59:59.999,1545004800000,84.68000000,97.00000000,84.40000000,94.02000000,472252.23388000,1545091199999,42965553.41586940,156319,253291.04756000,23061523.29687090,0
2018-12-19 07:59:59.999,1545091200000,94.03000000,101.30000000,91.34000000,100.39000000,529946.79175000,1545177599999,50202945.79170170,173951,276927.03282000,26305895.16900560,0
2018-12-20 07:59:59.999,1545177600000,100.39000000,107.55000000,97.75000000,98.74000000,827748.59096000,1545263999999,84862730.23336790,258340,410278.15520000,42042979.40821500,0
2018-12-21 07:59:59.999,1545264000000,98.73000000,116.00000000,97.88000000,114.05000000,859612.57205000,1545350399999,93128082.54800730,272100,435953.37011000,47118640.37954670,0
2018-12-22 07:59:59.999,1545350400000,113.71000000,118.00000000,104.76000000,107.69000000,666048.71786000,1545436799999,74510414.58797520,242389,329476.24747000,36898334.87146020,0
2018-12-23 07:59:59.999,1545436800000,107.67000000,115.50000000,105.38000000,115.20000000,405672.83117000,1545523199999,44814571.60969250,159158,205365.41855000,22693637.86211100,0
2018-12-24 07:59:59.999,1545523200000,115.18000000,131.94000000,114.91000000,129.03000000,936094.10490000,1545609599999,118250392.55509720,302293,471552.23072000,59521574.56058990,0
2018-12-25 07:59:59.999,1545609600000,129.03000000,157.67000000,128.80000000,138.03000000,1319609.81650000,1545695999999,190137361.06587730,426763,661539.16353000,95340364.83083320,0
2018-12-26 07:59:59.999,1545696000000,138.01000000,139.26000000,119.68000000,127.60000000,1076164.12809000,1545782399999,136600862.04267630,328349,533800.53410000,67748386.42543390,0
2018-12-27 07:59:59.999,1545782400000,127.61000000,135.32000000,122.51000000,129.35000000,794834.05601000,1545868799999,102196717.39505570,258222,404012.07869000,51948808.10703720,0
2018-12-28 07:59:59.999,1545868800000,129.35000000,131.09000000,111.22000000,113.80000000,752177.90111000,1545955199999,90456912.88835210,230428,395194.15934000,47373739.42026310,0
2018-12-29 07:59:59.999,1545955200000,113.75000000,136.66000000,111.87000000,135.30000000,894454.19051000,1546041599999,111865576.49775780,248671,451231.25265000,56341444.48081190,0
2018-12-30 07:59:59.999,1546041600000,135.30000000,145.42000000,128.50000000,132.89000000,1006654.49844000,1546127999999,136479145.94234730,291165,504750.91747000,68468604.55882280,0
